Name	Canonical_smiles
Tetracycline	CC(C)(COP(=O)([O-])OP(=O)([O-])OCC1C(C(C(O1)N2C=NC3=C(N=CN=C32)N)O)OP(=O)([O-])[O-])C(C(=O)NCCC(=O)NCCSC(=O)CC(C)(CC(=O)[O-])O)O
Xanthosine 5'-phosphate	C1=NC2=C(N1C3C(C(C(O3)COP(=O)(O)O)O)O)N=C(N=C2[O-])[O-]
D-Lysine	C(CCN)CC(C(=O)O)[NH3+]
D-Aspartate	C(C(C(=O)O)N)C(=O)[O-]
3-Sulfino-L-alanine	C(C(C(=O)[O-])N)S(=O)O
L-Glutamate 5-phosphate	C(CC(=O)OP(=O)([O-])[O-])C(C(=O)O)N
7,8-Dihydrofolate	C1C(=NC2=C(N1)N=C(N=C2[O-])N)CNC3=CC=C(C=C3)C(=O)NC(CCC(=O)[O-])C(=O)O
Selenocysteine	C(C(C(=O)[O-])[NH3+])[SeH]
2-Acyl-sn-glycero-3-phosphoethanolamine (n-C14:0)	CCCCCCCCCCCCCC(=O)OC(CO)COP(=O)(O)OCCN
Trans-Dec-2-enoyl-CoA	CCCCCCCC=CC(=O)SCCN=C(CCN=C(C(C(C)(C)COP(=O)(O)OP(=O)(O)OCC1C(C(C(O1)N2C=NC3=C(N=CN=C32)N)O)OP(=O)([O-])[O-])O)[O-])[O-]
6-hydroxymethyl-dihydropterin pyrophosphate	C1C(=NC2=C(N1)N=C(N=C2[O-])N)COP(=O)(O)OP(=O)([O-])[O-]
Tyramine	C1=CC(=CC=C1CCN)[OH2+]
Pyridoxamine 5'-phosphate	CC1=NC=C(C(=C1O)CN)COP(=O)(O)[O-]
Siroheme C42H36FeN4O16	CC1(C(C2=NC1=CC3=NC(=CC4=C(C(=C([N-]4)C=C5C(=C(C(=C2)[N-]5)CC(=O)[O-])CCC(=O)[O-])CCC(=O)[O-])CC(=O)[O-])C(C3CCC(=O)[O-])(C)CC(=O)[O-])CCC(=O)[O-])CC(=O)[O-].[Fe+2]
2-(Formamido)-N1-(5-phospho-D-ribosyl)acetamidine	C(C1C(C(C(O1)[NH+]=C(CNC=O)N)O)O)OP(=O)([O-])[O-]
1-(5-Phosphoribosyl)-5-[(5-phosphoribosylamino)methylideneamino]imidazole-4-carboxamide	C1=NC(=C(N1C2C(C(C(O2)COP(=O)([O-])[O-])O)O)NC=NC3C(C(C(O3)COP(=O)([O-])[O-])O)O)C(=O)N
N2-Succinyl-L-ornithine	C(CC(C(=O)O)N=C(CCC(=O)O)[O-])CN
(3S)-3,6-Diaminohexanoate	C(CC(CC(=O)O)N)C[NH3+]
Dephospho-CoA	CC(C)(COP(=O)(O)OP(=O)(O)OCC1C(C(C(O1)N2C=NC3=C(N=CN=C32)N)O)O)C(C(=NCCC(=NCCS)[O-])[O-])O
N2-Succinyl-L-glutamate	C(CC(=O)[O-])C(C(=O)O)N=C(CCC(=O)[O-])[O-]
4-Phospho-L-aspartate	C(C(C(=O)[O-])N)C(=O)OP(=O)(O)[O-]
L-2,4-Diaminobutanoate	C(C[NH3+])C(C(=O)O)N
DUTP C9H11N2O14P3	C1C(C(OC1N2C=CC(=NC2=O)[O-])COP(=O)([O-])OP(=O)(O)OP(=O)([O-])[O-])O
D-Glutamate	C(CC(=O)[O-])C(C(=O)O)N
N-Acetyl-D-glucosamine 6-phosphate	CC(=NC1C(C(C(OC1O)COP(=O)(O)[O-])O)O)[O-]
L-Histidinol	C1=C(NC=[NH+]1)CC(CO)N
Creatine cytosol	CN1CC(=O)NC1=N
Guanosine 3'-diphosphate 5'-triphosphate	C1=NC2=C(N1C3C(C(C(O3)COP(=O)([O-])OP(=O)([O-])OP(=O)(O)[O-])OP(=O)([O-])OP(=O)([O-])[O-])O)N=C(NC2=O)N
5-Formiminotetrahydrofolate	C1C(N(C2=C(N1)N=C(NC2=O)N)C=N)CNC3=CC=C(C=C3)C(=O)NC(CCC(=O)[O-])C(=O)[O-]
5,10-Methenyltetrahydrofolate	C1C2CN(C=[N+]2C3=C(N1)N=C(NC3=O)N)C4=CC=C(C=C4)C(=O)NC(CCC(=O)[O-])C(=O)[O-]
5-Phosphoguanylyl(3->5)guanosine	C1=NC2=C(N1C3C(C(C(O3)COP(=O)([O-])OC4C(OC(C4O)N5C=NC6=C5N=C(NC6=O)N)COP(=O)([O-])[O-])O)O)N=C(NC2=O)N
DIDP; 2'-deoxyinosine-5'-diphosphate(3-)	C1C(C(OC1N2C=NC3=C2N=CNC3=O)COP(=O)([O-])OP(=O)([O-])[O-])O
Tetrahydromonapterin	C1C(NC2=C(N1)N=C(NC2=O)N)C(C(CO)O)O
Guanosine 3  phosphate C10H12N5O8P	C1=NC2=C(N1C3C(C(C(O3)CO)OP(=O)([O-])[O-])O)N=C(NC2=O)N
Folate	C1=CC(=CC=C1C(=O)NC(CCC(=O)[O-])C(=O)[O-])NCC2=CN=C3C(=N2)C(=O)NC(=N3)N
2',3'-Cyclic GMP	C1=NC2=C(N1C3C4C(C(O3)CO)OP(=O)(O4)[O-])N=C(NC2=O)N
IDP C10H11N4O11P2	C1=NC2=C(C(=O)N1)N=CN2C3C(C(C(O3)COP(=O)([O-])OP(=O)([O-])[O-])O)O
Dihydropteroate	C1C(=NC2=C(N1)N=C(NC2=O)N)CNC3=CC=C(C=C3)C(=O)[O-]
6-Pyruvoyl-5,6,7,8-tetrahydropterin	CC(=O)C(=O)C1CNC2=C(N1)C(=O)NC(=N2)N
Mycobactin T	CCCCCCCCCCCCCCCCCCCCC(=O)N(CCCCC(C(=O)OC(C)CC(=O)NC1CCCCN(C1=O)O)NC(=O)C2COC(=N2)C3=CC=CC=C3O)O
5,6,7,8-Tetrahydrofolate	C1C(NC2=C(N1)N=C(NC2=O)N)CNC3=CC=C(C=C3)C(=O)NC(CCC(=O)[O-])C(=O)[O-]
5,10-Methylenetetrahydrofolate	C1C2CN(CN2C3=C(N1)N=C(NC3=O)N)C4=CC=C(C=C4)C(=O)NC(CCC(=O)[O-])C(=O)[O-]
ITP C10H11N4O14P3	C1=NC2=C(C(=O)N1)N=CN2C3C(C(C(O3)COP(=O)([O-])OP(=O)([O-])OP(=O)([O-])[O-])O)O
Inosine	C1=NC2=C(C(=O)N1)N=CN2C3C(C(C(O3)CO)O)O
IMP C10H11N4O8P	C1=NC2=C(C(=O)N1)N=CN2C3C(C(C(O3)COP(=O)([O-])[O-])O)O
Hypoxanthine	C1=NC2=C(N1)C(=O)NC=N2
Guanosine 3',5'-bis(diphosphate)	C1=NC2=C(N1C3C(C(C(O3)COP(=O)([O-])OP(=O)(O)[O-])OP(=O)([O-])OP(=O)([O-])[O-])O)N=C(NC2=O)N
Guanosine	C1=NC2=C(N1C3C(C(C(O3)CO)O)O)N=C(NC2=O)N
Guanine	C1=NC2=C(N1)C(=O)NC(=N2)N
GTP C10H12N5O14P3	C1=NC2=C(N1C3C(C(C(O3)COP(=O)([O-])OP(=O)([O-])OP(=O)([O-])[O-])O)O)N=C(NC2=O)N
GMP C10H12N5O8P	C1=NC2=C(N1C3C(C(C(O3)COP(=O)([O-])[O-])O)O)N=C(NC2=O)N
GDP-D-mannose	C1=NC2=C(N1C3C(C(C(O3)COP(=O)([O-])OP(=O)([O-])OC4C(C(C(C(O4)CO)O)O)O)O)O)N=C(NC2=O)N
GDP C10H12N5O11P2	C1=NC2=C(N1C3C(C(C(O3)COP(=O)([O-])OP(=O)([O-])[O-])O)O)N=C(NC2=O)N
DITP(4-)	C1C(C(OC1N2C=NC3=C2N=CNC3=O)COP(=O)([O-])OP(=O)([O-])OP(=O)([O-])[O-])O
DIMP C10H12N4O7P	C1C(C(OC1N2C=NC3=C2N=CNC3=O)COP(=O)([O-])[O-])O
2-Amino-4-hydroxy-6-(erythro-1,2,3-trihydroxypropyl)dihydropteridine triphosphate	C1C(=NC2=C(N1)N=C(NC2=O)N)C(C(COP(=O)([O-])OP(=O)([O-])OP(=O)([O-])[O-])O)O
Dihydroneopterin monophosphate	C1C(=NC2=C(N1)N=C(NC2=O)N)C(C(COP(=O)([O-])[O-])O)O
Dihydroneopterin	C1C(=NC2=C(N1)N=C(NC2=O)N)C(C(CO)O)O
2,5-Diamino-6-(ribosylamino)-4-(3H)-pyrimidinone 5'-phosphate	C(C1C(C(C(O1)NC2=C(C(=O)NC(=N2)N)N)O)O)OP(=O)([O-])[O-]
DGTP C10H12N5O13P3	C1C(C(OC1N2C=NC3=C2N=C(NC3=O)N)COP(=O)([O-])OP(=O)([O-])OP(=O)([O-])[O-])O
DGMP C10H12N5O7P	C1C(C(OC1N2C=NC3=C2N=C(NC3=O)N)COP(=O)([O-])[O-])O
DGDP C10H12N5O10P2	C1C(C(OC1N2C=NC3=C2N=C(NC3=O)N)COP(=O)([O-])OP(=O)([O-])[O-])O
Deoxyinosine	C1C(C(OC1N2C=NC3=C2N=CNC3=O)CO)O
Deoxyguanosine	C1C(C(OC1N2C=NC3=C2N=C(NC3=O)N)CO)O
5 Methyltetrahydropteroyltri L glutamate C25H36N8O12	CN1C(CNC2=C1C(=O)NC(=N2)N)CNC3=CC=C(C=C3)C(=O)NC(CCC(=O)NC(CCC(=O)NC(CCC(=O)[O-])C(=O)[O-])C(=O)[O-])C(=O)[O-]
Tetrahydropteroyltri L glutamate C24H34N8O12	C1C(NC2=C(N1)N=C(NC2=O)N)CNC3=CC=C(C=C3)C(=O)NC(CCC(=O)NC(CCC(=O)NC(CCC(=O)[O-])C(=O)[O-])C(=O)[O-])C(=O)[O-]
3',5'-Cyclic GMP	C1C2C(C(C(O2)N3C=NC4=C3N=C(NC4=O)N)O)OP(=O)(O1)[O-]
6-hydroxymethyl dihydropterin	C1C(=NC2=C(N1)N=C(NC2=O)N)CO
5-Methyltetrahydrofolate	CN1C(CNC2=C1C(=O)NC(=N2)N)CNC3=CC=C(C=C3)C(=O)NC(CCC(=O)[O-])C(=O)[O-]
5-Formyltetrahydrofolate	C1C(N(C2=C(N1)N=C(NC2=O)N)C=O)CNC3=CC=C(C=C3)C(=O)NC(CCC(=O)[O-])C(=O)[O-]
10-Formyltetrahydrofolate	C1C(NC2=C(N1)N=C(NC2=O)N)CN(C=O)C3=CC=C(C=C3)C(=O)NC(CCC(=O)[O-])C(=O)[O-]
L 2 Aminoadipate C6H10NO4	C(CC(C(=O)O)N)CC(=O)[O-]
Trans-2-Methylbut-2-enoyl-CoA	CC=C(C)C(=O)SCCN=C(CCN=C(C(C(C)(C)COP(=O)(O)OP(=O)(O)OCC1C(C(C(O1)N2C=NC3=C(N=CN=C32)N)O)OP(=O)([O-])[O-])O)[O-])[O-]
Cardiolipin (tetratetradecanoyl, n-C14:0)	CCCCCCCCCCCCCC(=O)OCC(COP(=O)([O-])OCC(COP(=O)([O-])OCC(COC(=O)CCCCCCCCCCCCC)OC(=O)CCCCCCCCCCCCC)O)OC(=O)CCCCCCCCCCCCC
(3S)-3-Hydroxyadipyl-CoA	CC(C)(COP(=O)([O-])OP(=O)([O-])OCC1C(C(C(O1)N2C=NC3=C(N=CN=C32)N)O)OP(=O)([O-])[O-])C(C(=O)NCCC(=O)NCCSC(=O)CC(CCC(=O)[O-])O)O
D-4'-Phosphopantothenate	CC(C)(COP(=O)(O)[O-])C(C(=NCCC(=O)[O-])[O-])O
CDP-1,2-ditetradecanoylglycerol	CCCCCCCCCCCCCC(=O)OCC(COP(=O)([O-])OP(=O)([O-])OCC1C(C(C(O1)N2C=CC(=NC2=O)N)O)O)OC(=O)CCCCCCCCCCCCC
Pyridoxal 5'-phosphate	CC1=NC=C(C(=C1[O-])C=O)COP(=O)(O)[O-]
5-Oxoproline	C1CC(=NC1C(=O)O)[O-]
2',3'-Cyclic CMP	C1=CN(C(=NC1=N)[O-])C2C3C(C(O2)CO)OP(=O)(O3)O
Flavin adenine dinucleotide reduced	CC1=CC2=C(C=C1C)N(C3=C(N2)C(=NC(=N3)[O-])[O-])CC(C(C(COP(=O)(O)OP(=O)(O)OCC4C(C(C(O4)N5C=NC6=C(N=CN=C65)N)O)O)O)O)O
Reduced FMN	CC1=CC2=C(C=C1C)N(C3=C(N2)C(=NC(=N3)[O-])[O-])CC(C(C(COP(=O)(O)O)O)O)O
Reduced glutathione	C(CC(=NC(CS)C(=O)NCC(=O)O)[O-])C(C(=O)O)N
S-Sulfo-L-cysteine	C(C(C(=O)[O-])N)SS(=O)(=O)O
2-Hydroxyphenylacetate	C1=CC=C(C(=C1)CC(=O)O)[O-]
Carbamoyl phosphate	C(=N)([O-])OP(=O)(O)[O-]
DTMP C10H13N2O8P	CC1=CN(C(=O)N=C1[O-])C2CC(C(O2)COP(=O)(O)[O-])O
DCMP C9H12N3O7P	C1C(C(OC1N2C=CC(=N)N=C2[O-])COP(=O)(O)[O-])O
Phosphatidylglycerol (ditetradecanoyl, n-C14:0)	CCCCCCCCCCCCCC(=O)OCC(COP(=O)([O-])OCC(CO)O)OC(=O)CCCCCCCCCCCCC
Penicillin G C16H18N2O4S	CC1(C(N2C(S1)C(C2=O)N=C(CC3=CC=CC=C3)[O-])C(=O)O)C
3-(2,3-Dihydroxyphenyl)propanoate	C1=CC(=C(C(=C1)O)[O-])CCC(=O)O
2',3'-Cyclic UMP	C1=CN(C(=O)N=C1[O-])C2C3C(C(O2)CO)OP(=O)(O3)O
2-Acyl-sn-glycero-3-phosphoethanolamine (n-C18:0)	CCCCCCCCCCCCCCCCCC(=O)OC(CO)COP(=O)([O-])OCC[NH3+]
3-oxopropionyl-CoA	CC(C)(COP(=O)([O-])OP(=O)([O-])OCC1C(C(C(O1)N2C=NC3=C(N=CN=C32)N)O)OP(=O)([O-])[O-])C(C(=O)NCCC(=O)NCCSC(=O)CC=O)O
(S)-3-Hydroxyoctadecanoyl-CoA	CCCCCCCCCCCCCCCC(CC(=O)SCCNC(=O)CCNC(=O)C(C(C)(C)COP(=O)([O-])OP(=O)([O-])OCC1C(C(C(O1)N2C=NC3=C(N=CN=C32)N)O)OP(=O)([O-])[O-])O)O
2-Acyl-sn-glycero-3-phosphoethanolamine (n-C16:0)	CCCCCCCCCCCCCCCC(=O)OC(CO)COP(=O)([O-])OCC[NH3+]
1,6-anhydrous-N-Acetylmuramyl-tripeptide	CC(C(=O)NC(CCC(=O)[O-])C(=O)NC(CCCC(C(=O)[O-])[NH3+])C(=O)[O-])NC(=O)C(C)OC1C(COC(C1O)CO)NC(=O)C
3-Methylglutaconyl-CoA	CC(=CC(=O)SCCNC(=O)CCNC(=O)C(C(C)(C)COP(=O)([O-])OP(=O)([O-])OCC1C(C(C(O1)N2C=NC3=C(N=CN=C32)N)O)OP(=O)([O-])[O-])O)CC(=O)[O-]
L-Valine	[H+].CC(C)C(C(=O)[O-])N
L-Arginine	[H+].C(CC(C(=O)O)N)CN=C(N)N
Oxidized glutathione	C(CC(=O)NC(CSSCC(C(=O)NCC(=O)O)NC(=O)CCC(C(=O)[O-])N)C(=O)NCC(=O)[O-])C(C(=O)O)N
Pent-2-enoyl-CoA	CCC=CC(=O)SCCNC(=O)CCNC(=O)C(C(C)(C)COP(=O)([O-])OP(=O)([O-])OCC1C(C(C(O1)N2C=NC3=C(N=CN=C32)N)O)OP(=O)([O-])[O-])O
Lactose-6-phosphate	C(C1C(C(C(C(O1)O)O)O)OC2C(C(C(C(O2)COP(=O)([O-])[O-])O)O)O)O
L-2-Amino-3-oxobutanoate	CC(=O)C(C(=O)[O-])[NH3+]
Iminoaspartate	C(C(=N)C(=O)O)C(=O)[O-]
Enterochelin	C1C(C(=O)OCC(C(=O)OCC(C(=O)O1)NC(=O)C2=C(C(=CC=C2)O)O)NC(=O)C3=C(C(=CC=C3)O)[O-])NC(=O)C4=C(C(=CC=C4)O)O
2-Aminomalonate semialdehyde	C(=O)C(C(=O)[O-])[NH3+]
5-amino-1-(5-phospho-D-ribosyl)imidazole-4-carboxylate	C1=NC(=C(N1C2C(C(C(O2)COP(=O)([O-])[O-])O)O)N)C(=O)O
Undecaprenyl-diphospho-N-acetylmuramoyl-(N-acetylglucosamine)-L-ala-D-glu-meso-2,6-diaminopimeloyl-D-ala-D-ala	CC(C(=O)NC(CCC(=O)NC(CCCC(C(=O)[O-])[NH3+])C(=O)NC(C)C(=O)NC(C)C(=O)[O-])C(=O)[O-])NC(=O)C(C)OC1C(C(OC(C1OC2C(C(C(C(O2)CO)O)O)NC(=O)C)CO)OP(=O)([O-])OP(=O)([O-])OCC=C(C)CCC=C(C)CCC=C(C)CCC=C(C)CCC=C(C)CCC=C(C)CCC=C(C)CCC=C(C)CCC=C(C)CCC=C(C)CCC=C(C)C)NC(=O)C
UDP-N-acetylmuramoyl-L-alanyl-D-gamma-glutamyl-meso-2,6-diaminopimelate	CC(C(=O)NC(CCC(=O)NC(CCCC(C(=O)[O-])[NH3+])C(=O)[O-])C(=O)[O-])NC(=O)C(C)OC1C(C(OC(C1O)CO)OP(=O)([O-])OP(=O)([O-])OCC2C(C(C(O2)N3C=CC(=O)NC3=O)O)O)NC(=O)C
(S)-2-[5-Amino-1-(5-phospho-D-ribosyl)imidazole-4-carboxamido]succinate	C1=NC(=C(N1C2C(C(C(O2)COP(=O)([O-])[O-])O)O)N)C(=O)NC(CC(=O)[O-])C(=O)[O-]
Coprogen	CC(=CC(=O)N(CCCC1C(=O)NC(C(=O)N1)CCCN(C(=O)C=C(C)CCOC(=O)C(CCCN(C(=O)C=C(C)CCO)[O-])NC(=O)C)[O-])[O-])CCO.[Fe+3]
(R)-3-hydroxytetradecanoyl-coa	CCCCCCCCCCCC(CC(=O)SCCNC(=O)CCNC(=O)C(C(C)(C)COP(=O)([O-])OP(=O)([O-])OCC1C(C(C(O1)N2C=NC3=C(N=CN=C32)N)O)OP(=O)([O-])[O-])O)O
(R)-3-Hydroxydodecanoyl-CoA	CCCCCCCCCC(CC(=O)SCCNC(=O)CCNC(=O)C(C(C)(C)COP(=O)([O-])OP(=O)([O-])OCC1C(C(C(O1)N2C=NC3=C(N=CN=C32)N)O)OP(=O)([O-])[O-])O)O
1-(5-Phosphoribosyl)-ATP	C1=NC2=C(N1C3C(C(C(O3)COP(=O)([O-])OP(=O)([O-])OP(=O)([O-])[O-])O)O)N=CN(C2=N)C4C(C(C(O4)COP(=O)([O-])[O-])O)O
1-dodecanoyl-sn-glycerol 3-phosphate	CCCCCCCCCCCC(=O)OCC(COP(=O)([O-])[O-])O
D Galactosamine 6 phosphate C6H14NO8P	C(C1C(C(C(C(O1)O)[NH3+])O)O)OP(=O)([O-])[O-]
D-Ribose 1,5-bisphosphate	C(C1C(C(C(O1)OP(=O)([O-])[O-])O)O)OP(=O)([O-])[O-]
Carboxyspermidine	C(CC[NH2+]CCC(C(=O)[O-])[NH3+])C[NH3+]
Doxorubicin	[H+].CC1C(C(CC(O1)OC2CC(CC3=C2C(=C4C(=C3O)C(=O)C5=C(C4=O)C(=CC=C5)OC)O)(C(=O)CO)O)N)O
Dopamine	[H+].C1=CC(=C(C=C1CCN)O)O
D-Arginine	C(CC(C(=O)O)[NH3+])CN=C(N)N
Ornithine	C(CC(C(=O)O)N)C[NH3+]
Glycerophosphoserine	C(C(COP(=O)([O-])OCC(C(=O)[O-])[NH3+])O)O
3-oxo-5,6-dehydrosuberyl-CoA	CC(C)(COP(=O)([O-])OP(=O)([O-])OCC1C(C(C(O1)N2C=NC3=C(N=CN=C32)N)O)OP(=O)([O-])[O-])C(C(=O)NCCC(=O)NCCSC(=O)CC(=O)CC=CCC(=O)[O-])O
3-keto-L-gulonate-6-phosphate	C(C(C(C(=O)C(C(=O)[O-])O)O)O)OP(=O)([O-])[O-]
4-Carboxy-2-hydroxyhexa-2,4-dienedioate	C(=C(C=C(C(=O)[O-])[O-])C(=O)[O-])C(=O)O
L-ascorbate-6-phosphate	C(C(C1C(=C(C(=O)O1)[O-])O)O)OP(=O)([O-])[O-]
2-hydroxy-6-ketononatrienedioate	C(=CC(=O)C=CC(=O)O)C=C(C(=O)[O-])[O-]
2,3-dihydroxicinnamic acid	C1=CC(=C(C(=C1)O)[O-])C=CC(=O)O
2,4-Dihydroxyhept-2-enedioate	C(CC(=O)[O-])C(C=C(C(=O)O)[O-])O
2-Hydroxymuconate	C(=CC(=O)O)C=C(C(=O)[O-])[O-]
5-Carboxymethyl-2-hydroxymuconate	C(C(=CC=C(C(=O)O)[O-])C(=O)[O-])C(=O)[O-]
Trans 4 Hydroxycinnamate C9H7O3	C1=CC(=CC=C1C=CC(=O)O)[O-]
1,4-Dihydroxy-2-naphthoate	C1=CC=C2C(=C1)C(=CC(=C2[O-])C(=O)O)O
3-hydroxycinnamic acid	C1=CC(=CC(=C1)[O-])C=CC(=O)O
Ferulate	COC1=C(C=CC(=C1)C=CC(=O)O)[O-]
3,4-Dihydroxy-trans-cinnamate	C1=CC(=C(C=C1C=CC(=O)O)O)[O-]
3-Octaprenyl-4-hydroxybenzoate	CC(=CCCC(=CCCC(=CCCC(=CCCC(=CCCC(=CCCC(=CCCC(=CCC1=C(C=CC(=C1)C(=O)O)[O-])C)C)C)C)C)C)C)C
L-Ascorbate	C(C(C1C(=C(C(=O)O1)[O-])O)O)O
3,4-Dihydroxybenzoate	C1=CC(=C(C=C1C(=O)O)O)[O-]
Vanillate	COC1=C(C=CC(=C1)C(=O)O)[O-]
Salicylate	C1=CC=C(C(=C1)C(=O)O)[O-]
2-Hydroxy-6-keto-2,4-heptadienoate	CC(=O)C=CC=C(C(=O)O)[O-]
2-Hydroxy-6-oxonona-2,4-diene-1,9-dioate	C(CC(=O)[O-])C(=O)C=CC=C(C(=O)O)[O-]
4-Hydroxybenzoate	C1=CC(=CC=C1C(=O)O)[O-]
Gallic acid	C1=C(C=C(C(=C1O)[O-])O)C(=O)O
2,3-Dihydroxybenzoate	C1=CC(=C(C(=C1)O)[O-])C(=O)O
Mannotetraose	C(C1C(C(C(C(O1)OC2C(OC(C(C2O)O)OC3C(OC(C(C3O)O)OC4C(OC(C(C4O)O)O)CO)CO)CO)O)O)O)O
(S)-3-Hydroxyhexadecanoyl-CoA	CCCCCCCCCCCCCC(CC(=O)SCCNC(=O)CCNC(=O)C(C(C)(C)COP(=O)([O-])OP(=O)([O-])OCC1C(C(C(O1)N2C=NC3=C(N=CN=C32)N)O)OP(=O)([O-])[O-])O)O
(S)-3-Hydroxyoctanoyl-CoA	CCCCCC(CC(=O)SCCNC(=O)CCNC(=O)C(C(C)(C)COP(=O)([O-])OP(=O)([O-])OCC1C(C(C(O1)N2C=NC3=C(N=CN=C32)N)O)OP(=O)([O-])[O-])O)O
2-Methylprop-2-enoyl-CoA	CC(=C)C(=O)SCCNC(=O)CCNC(=O)C(C(C)(C)COP(=O)([O-])OP(=O)([O-])OCC1C(C(C(O1)N2C=NC3=C(N=CN=C32)N)O)OP(=O)([O-])[O-])O
3-Oxodecanoyl-CoA	CCCCCCCC(=O)CC(=O)SCCNC(=O)CCNC(=O)C(C(C)(C)COP(=O)([O-])OP(=O)([O-])OCC1C(C(C(O1)N2C=NC3=C(N=CN=C32)N)O)OP(=O)([O-])[O-])O
3-Oxohexanoyl-CoA	CCCC(=O)CC(=O)SCCNC(=O)CCNC(=O)C(C(C)(C)COP(=O)([O-])OP(=O)([O-])OCC1C(C(C(O1)N2C=NC3=C(N=CN=C32)N)O)OP(=O)([O-])[O-])O
Undecaprenyl-diphospho-N-acetylmuramoyl-L-alanyl-D-glutamyl-meso-2,6-diaminopimeloyl-D-alanyl-D-alanine	CC(C(=O)NC(CCC(=O)NC(CCCC(C(=O)[O-])[NH3+])C(=O)NC(C)C(=O)NC(C)C(=O)[O-])C(=O)[O-])NC(=O)C(C)OC1C(C(OC(C1O)CO)OP(=O)([O-])OP(=O)([O-])OCC=C(C)CCC=C(C)CCC=C(C)CCC=C(C)CCC=C(C)CCC=C(C)CCC=C(C)CCC=C(C)CCC=C(C)CCC=C(C)CCC=C(C)C)NC(=O)C
Trans-Hex-2-enoyl-CoA	CCCC=CC(=O)SCCNC(=O)CCNC(=O)C(C(C)(C)COP(=O)([O-])OP(=O)([O-])OCC1C(C(C(O1)N2C=NC3=C(N=CN=C32)N)O)OP(=O)([O-])[O-])O
(S)-3-Hydroxyhexanoyl-CoA	CCCC(CC(=O)SCCNC(=O)CCNC(=O)C(C(C)(C)COP(=O)([O-])OP(=O)([O-])OCC1C(C(C(O1)N2C=NC3=C(N=CN=C32)N)O)OP(=O)([O-])[O-])O)O
Allulose 6-phosphate	C(C(C(C(C(=O)CO)O)O)O)OP(=O)([O-])[O-]
Cardiolipin (tetrahexadecanoyl, n-C16:0)	CCCCCCCCCCCCCCCC(=O)OCC(COP(=O)([O-])OCC(COP(=O)([O-])OCC(COC(=O)CCCCCCCCCCCCCCC)OC(=O)CCCCCCCCCCCCCCC)O)OC(=O)CCCCCCCCCCCCCCC
N-Acetyl-D-galactosamine 1-phosphate	CC(=O)NC1C(C(C(OC1OP(=O)([O-])[O-])CO)O)O
Fructoselysine	C(CC[NH2+]CC(=O)C(C(C(CO)O)O)O)CC(C(=O)[O-])[NH3+]
Phosphatidylglycerol (dioctadecanoyl, n-C18:0)	CCCCCCCCCCCCCCCCCC(=O)OCC(COP(=O)([O-])OCC(CO)O)OC(=O)CCCCCCCCCCCCCCCCC
Phosphatidylglycerophosphate (dioctadecanoyl, n-C18:0)	CCCCCCCCCCCCCCCCCC(=O)OCC(COP(=O)([O-])OCC(COP(=O)([O-])[O-])O)OC(=O)CCCCCCCCCCCCCCCCC
Psicoselysine	C(CC[NH2+]CC(=O)C(C(C(CO)O)O)O)CC(C(=O)[O-])[NH3+]
(S)-3-Hydroxydecanoyl-CoA	CCCCCCCC(CC(=O)SCCNC(=O)CCNC(=O)C(C(C)(C)COP(=O)([O-])OP(=O)([O-])OCC1C(C(C(O1)N2C=NC3=C(N=CN=C32)N)O)OP(=O)([O-])[O-])O)O
Phosphatidylglycerophosphate (dihexadecanoyl, n-C16:0)	CCCCCCCCCCCCCCCC(=O)OCC(COP(=O)([O-])OCC(COP(=O)([O-])[O-])O)OC(=O)CCCCCCCCCCCCCCC
Phosphatidylglycerol (dihexadecanoyl, n-C16:0)	CCCCCCCCCCCCCCCC(=O)OCC(COP(=O)([O-])OCC(CO)O)OC(=O)CCCCCCCCCCCCCCC
CDP-1,2-dioctadecanoylglycerol	CCCCCCCCCCCCCCCCCC(=O)OCC(COP(=O)([O-])OP(=O)([O-])OCC1C(C(C(O1)N2C=CC(=NC2=O)N)O)O)OC(=O)CCCCCCCCCCCCCCCCC
4-Hydroxy-L-threonine	C(C(C(C(=O)[O-])[NH3+])O)O
Crotonobetainyl-CoA	CC(C)(COP(=O)([O-])OP(=O)([O-])OCC1C(C(C(O1)N2C=NC3=C(N=CN=C32)N)O)OP(=O)([O-])[O-])C(C(=O)NCCC(=O)NCCSC(=O)C=CC[N+](C)(C)C)O
L-Carnitinyl-CoA	CC(C)(COP(=O)([O-])OP(=O)([O-])OCC1C(C(C(O1)N2C=NC3=C(N=CN=C32)N)O)OP(=O)([O-])[O-])C(C(=O)NCCC(=O)NCCSC(=O)CC(C[N+](C)(C)C)O)O
Adenosine 5'-phosphosulfate	C1=NC(=C2C(=N1)N(C=N2)C3C(C(C(O3)COP(=O)([O-])OS(=O)(=O)[O-])O)O)N
S-Ribosyl-L-homocysteine	C(CSCC1C(C(C(O1)O)O)O)C(C(=O)[O-])[NH3+]
L-Glutamate 5-semialdehyde	C(CC(C(=O)[O-])[NH3+])C=O
L-Homocysteine	C(CS)C(C(=O)[O-])[NH3+]
2-Dehydro-3-deoxy-D-galactonate	C(C(C(CO)O)O)C(=O)C(=O)[O-]
L-Histidinol phosphate	C1=C(NC=N1)CC(COP(=O)([O-])[O-])[NH3+]
4-Carboxymuconolactone	C1=CC(OC1=O)(CC(=O)[O-])C(=O)[O-]
ADPribose C15H21N5O14P2	C1=NC(=C2C(=N1)N(C=N2)C3C(C(C(O3)COP(=O)([O-])OP(=O)([O-])OCC4C(C(C(O4)O)O)O)O)O)N
Sn-Glycero-3-phosphoethanolamine	C(COP(=O)([O-])OCC(CO)O)[NH3+]
2-Deoxy-5-keto-D-gluconic acid 6-phosphate	C(C(C(C(=O)COP(=O)([O-])[O-])O)O)C(=O)[O-]
N-Acetyl-L-glutamyl 5-phosphate	CC(=O)NC(CCC(=O)OP(=O)([O-])[O-])C(=O)[O-]
Selenohomocysteine	C(C[SeH])C(C(=O)O)N
6,7-Dimethyl-8-(1-D-ribityl)lumazine	CC1=C(N(C2=NC(=NC(=O)C2=N1)[O-])CC(C(C(CO)O)O)O)C
Hydroxymethylbilane	C1=C(C(=C(N1)CC2=C(C(=C(N2)CC3=C(C(=C(N3)CC4=C(C(=C(N4)CO)CC(=O)[O-])CCC(=O)[O-])CC(=O)[O-])CCC(=O)[O-])CC(=O)[O-])CCC(=O)[O-])CC(=O)[O-])CCC(=O)[O-]
Glutathionylspermidine	C(CC[NH2+]CCCNC(=O)CNC(=O)C(CS)NC(=O)CCC(C(=O)[O-])[NH3+])C[NH3+]
6-phospho-D-glucono-1,5-lactone	C(C1C(C(C(C(=O)O1)O)O)O)OP(=O)([O-])[O-]
L 1 Pyrroline 3 hydroxy 5 carboxylate C5H6NO3	C1C(C=NC1C(=O)[O-])O
UDP-N-acetyl-D-galactosamine	CC(=O)NC1C(C(C(OC1OP(=O)([O-])OP(=O)([O-])OCC2C(C(C(O2)N3C=CC(=O)NC3=O)O)O)CO)O)O
2,3-dehydroadipyl-CoA	CC(C)(COP(=O)([O-])OP(=O)([O-])OCC1C(C(C(O1)N2C=NC3=C(N=CN=C32)N)O)OP(=O)([O-])[O-])C(C(=O)NCCC(=O)NCCSC(=O)C=CCCC(=O)[O-])O
2-oxepin-2(3H)-ylideneacetyl-CoA	CC(C)(COP(=O)([O-])OP(=O)([O-])OCC1C(C(C(O1)N2C=NC3=C(N=CN=C32)N)O)OP(=O)([O-])[O-])C(C(=O)NCCC(=O)NCCSC(=O)C=C4CC=CC=CO4)O
Diacetylchitobiose-6-phosphate	CC(=O)NC1C(C(C(OC1O)CO)OC2C(C(C(C(O2)COP(=O)([O-])[O-])O)O)NC(=O)C)O
3'-Phosphoadenylyl sulfate	C1=NC(=C2C(=N1)N(C=N2)C3C(C(C(O3)COP(=O)([O-])OS(=O)(=O)[O-])OP(=O)([O-])[O-])O)N
2(alpha-D-Mannosyl-6-phosphate)-D-glycerate	C(C1C(C(C(C(O1)OC(CO)C(=O)[O-])O)O)O)OP(=O)([O-])[O-]
2,3-diaminopropionate	C(C(C(=O)[O-])N)[NH3+]
Undecaprenyl-diphospho-N-acetylmuramoyl-(N-acetylglucosamine)-L-alanyl-gamma-D-glutamyl-L-lysyl-D-alanyl-D-alanine	CC(C(=O)NC(CCC(=O)NC(CCCC[NH3+])C(=O)NC(C)C(=O)NC(C)C(=O)[O-])C(=O)[O-])NC(=O)C(C)OC1C(C(OC(C1OC2C(C(C(C(O2)CO)O)O)NC(=O)C)CO)OP(=O)([O-])OP(=O)([O-])OCC=C(C)CCC=C(C)CCC=C(C)CCC=C(C)CCC=C(C)CCC=C(C)CCC=C(C)CCC=C(C)CCC=C(C)CCC=C(C)CCC=C(C)C)NC(=O)C
Cis-3-(3-carboxyethenyl)-3,5-cyclohexadiene-1,2-diol	C1=CC(C(C(=C1)C=CC(=O)[O-])O)O
Undecaprenyl-diphospho-N-acetylmuramoyl-L-alanyl-gamma-D-glutamyl-L-lysyl-D-alanyl-D-alanine	CC(C(=O)NC(CCC(=O)NC(CCCC[NH3+])C(=O)NC(C)C(=O)NC(C)C(=O)[O-])C(=O)[O-])NC(=O)C(C)OC1C(C(OC(C1O)CO)OP(=O)([O-])OP(=O)([O-])OCC=C(C)CCC=C(C)CCC=C(C)CCC=C(C)CCC=C(C)CCC=C(C)CCC=C(C)CCC=C(C)CCC=C(C)CCC=C(C)CCC=C(C)C)NC(=O)C
2-(alpha-Hydroxyethyl)thiamine diphosphate	CC1=C(SC(=[N+]1CC2=CN=C(N=C2N)C)C(C)O)CCOP(=O)([O-])OP(=O)([O-])[O-]
C'-(3-Indolyl)-glycerol 3-phosphate	C1=CC=C2C(=C1)C(=CN2)C(C(COP(=O)([O-])[O-])O)O
2-Methylcitrate	CC(C(=O)[O-])C(CC(=O)[O-])(C(=O)[O-])O
Sedoheptulose 1,7-bisphosphate	C(C(C(C(C(C(=O)COP(=O)([O-])[O-])O)O)O)O)OP(=O)([O-])[O-]
2-phospho-4-(cytidine 5'-diphospho)-2-C-methyl-D-erythritol	CC(CO)(C(COP(=O)([O-])OP(=O)([O-])OCC1C(C(C(O1)N2C=CC(=NC2=O)N)O)O)O)OP(=O)([O-])[O-]
O-Succinyl-L-homoserine	C(COC(=O)CCC(=O)[O-])C(C(=O)[O-])[NH3+]
3-Phospho-D-glyceroyl phosphate	C(C(C(=O)OP(=O)([O-])[O-])O)OP(=O)([O-])[O-]
O-Phospho-L-homoserine	C(COP(=O)([O-])[O-])C(C(=O)[O-])[NH3+]
N6-(1,2-Dicarboxyethyl)-AMP	C1=NC(=C2C(=N1)N(C=N2)C3C(C(C(O3)COP(=O)([O-])[O-])O)O)NC(CC(=O)[O-])C(=O)[O-]
2(alpha-D-Mannosyl)-D-glycerate	C(C1C(C(C(C(O1)OC(CO)C(=O)[O-])O)O)O)O
Orotidine 5'-phosphate	C1=C(N(C(=O)NC1=O)C2C(C(C(O2)COP(=O)([O-])[O-])O)O)C(=O)[O-]
Nicotinate D-ribonucleotide	C1=CC(=C[N+](=C1)C2C(C(C(O2)COP(=O)([O-])[O-])O)O)C(=O)[O-]
Sedoheptulose 7-phosphate	C(C(C(C(C(C(=O)CO)O)O)O)O)OP(=O)([O-])[O-]
(R)-S-Lactoylglutathione	CC(C(=O)SCC(C(=O)NCC(=O)[O-])NC(=O)CCC(C(=O)[O-])[NH3+])O
N(omega)-(L-Arginino)succinate	C(CC(C(=O)[O-])[NH3+])C[NH+]=C(N)NC(CC(=O)[O-])C(=O)[O-]
2-succinyl-5-enolpyruvyl-6-hydroxy-3-cyclohexene-1-carboxylate	C=C(C(=O)[O-])OC1C=CC(C(C1O)C(=O)[O-])C(=O)CCC(=O)[O-]
2-Hydroxy-3-keto-5-methylthiopentenyl-1-phosphate	CSCCC(=O)C(=COP(=O)([O-])[O-])O
D-Galacturonate	C1(C(C(OC(C1O)O)C(=O)[O-])O)O
 S  3 Hydroxyisobutyryl CoA C25H38N7O18P3S	CC(CO)C(=O)SCCNC(=O)CCNC(=O)C(C(C)(C)COP(=O)([O-])OP(=O)([O-])OCC1C(C(C(O1)N2C=NC3=C(N=CN=C32)N)O)OP(=O)([O-])[O-])O
3-Oxododecanoyl-CoA	CCCCCCCCCC(=O)CC(=O)SCCNC(=O)CCNC(=O)C(C(C)(C)COP(=O)([O-])OP(=O)([O-])OCC1C(C(C(O1)N2C=NC3=C(N=CN=C32)N)O)OP(=O)([O-])[O-])O
(S)-3-Hydroxytetradecanoyl-CoA	CCCCCCCCCCCC(CC(=O)SCCNC(=O)CCNC(=O)C(C(C)(C)COP(=O)([O-])OP(=O)([O-])OCC1C(C(C(O1)N2C=NC3=C(N=CN=C32)N)O)OP(=O)([O-])[O-])O)O
(S)-Methylmalonate semialdehyde	CC(C=O)C(=O)[O-]
3-Oxooctanoyl-CoA	CCCCCC(=O)CC(=O)SCCNC(=O)CCNC(=O)C(C(C)(C)COP(=O)([O-])OP(=O)([O-])OCC1C(C(C(O1)N2C=NC3=C(N=CN=C32)N)O)OP(=O)([O-])[O-])O
N-Formyl maleamic acid	C(=CC(=O)[O-])C(=O)NC=O
Trans-Oct-2-enoyl-CoA	CCCCCC=CC(=O)SCCNC(=O)CCNC(=O)C(C(C)(C)COP(=O)([O-])OP(=O)([O-])OCC1C(C(C(O1)N2C=NC3=C(N=CN=C32)N)O)OP(=O)([O-])[O-])O
Ureidoacrylate peracid	C(=CNC(=O)N)C(=O)OO
Trans-Tetradec-2-enoyl-CoA	CCCCCCCCCCCC=CC(=O)SCCNC(=O)CCNC(=O)C(C(C)(C)COP(=O)([O-])OP(=O)([O-])OCC1C(C(C(O1)N2C=NC3=C(N=CN=C32)N)O)OP(=O)([O-])[O-])O
Trans-Hexadec-2-enoyl-CoA	CCCCCCCCCCCCCC=CC(=O)SCCNC(=O)CCNC(=O)C(C(C)(C)COP(=O)([O-])OP(=O)([O-])OCC1C(C(C(O1)N2C=NC3=C(N=CN=C32)N)O)OP(=O)([O-])[O-])O
3-Aminoacrylate	C(=CN)C(=O)[O-]
Peroxyaminoacrylate	C(=CN)C(=O)OO
(S)-3-Hydroxydodecanoyl-CoA	CCCCCCCCCC(CC(=O)SCCNC(=O)CCNC(=O)C(C(C)(C)COP(=O)([O-])OP(=O)([O-])OCC1C(C(C(O1)N2C=NC3=C(N=CN=C32)N)O)OP(=O)([O-])[O-])O)O
5'-deoxyribose	CC(C(C(C=O)O)O)O
O-Phospho-4-hydroxy-L-threonine	C(C(C(C(=O)[O-])[NH3+])O)OP(=O)([O-])[O-]
1-(5-Phosphoribosyl)-AMP	C1=NC2=C(N1C3C(C(C(O3)COP(=O)([O-])[O-])O)O)N=CN(C2=N)C4C(C(C(O4)COP(=O)([O-])[O-])O)O
Riboflavin C17H20N4O6	CC1=CC2=C(C=C1C)N(C3=NC(=NC(=O)C3=N2)[O-])CC(C(C(CO)O)O)O
Menaquinol 8	CC1=C(C2=CC=CC=C2C(=C1CC=C(C)CCC=C(C)CCC=C(C)CCC=C(C)CCC=C(C)CCC=C(C)CCC=C(C)CCC=C(C)C)O)O
2-Demethylmenaquinol 8	CC(=CCCC(=CCCC(=CCCC(=CCCC(=CCCC(=CCCC(=CCCC(=CCC1=C(C2=CC=CC=C2C(=C1)O)O)C)C)C)C)C)C)C)C
2,3,4,5-Tetrahydropyridine-2-carboxylate	C1CC=NC(C1)C(=O)[O-]
4-Phospho-D-erythronate	C(C(C(C(=O)[O-])O)O)OP(=O)([O-])[O-]
2,3-Dihydro-2,3-dihydroxybenzoate	C1=CC(C(C(=C1)C(=O)[O-])O)O
D-Glucosamine 6-phosphate	C(C1C(C(C(C(O1)O)[NH3+])O)O)OP(=O)([O-])[O-]
D-Glucosamine	C(C1C(C(C(C(O1)O)[NH3+])O)O)O
N-acetylmuramate 6-phosphate	CC(C(=O)[O-])OC1C(C(OC(C1O)COP(=O)([O-])[O-])O)NC(=O)C
5-Phospho-beta-D-ribosylamine	C(C1C(C(C(O1)[NH3+])O)O)OP(=O)([O-])[O-]
1-(2-Carboxyphenylamino)-1-deoxy-D-ribulose 5-phosphate	C1=CC=C(C(=C1)C(=O)[O-])NCC(=O)C(C(COP(=O)([O-])[O-])O)O
5-amino-1-(5-phospho-D-ribosyl)imidazole	C1=C([N+](=CN1)C2C(C(C(O2)COP(=O)([O-])[O-])O)O)N
4-Hydroxybutanoyl-CoA	CC(C)(COP(=O)([O-])OP(=O)([O-])OCC1C(C(C(O1)N2C=NC3=C(N=CN=C32)N)O)OP(=O)([O-])[O-])C(C(=O)NCCC(=O)NCCSC(=O)CCCO)O
N-Acetyl-D-mannosamine 6-phosphate	CC(=O)NC(C=O)C(C(C(COP(=O)([O-])[O-])O)O)O
2-Oxo-3-hydroxy-4-phosphobutanoate	C(C(C(=O)C(=O)[O-])O)OP(=O)([O-])[O-]
5-Methylthio-5-deoxy-D-ribose 1-phosphate	CSCC1C(C(C(O1)OP(=O)([O-])[O-])O)O
5-[(5-phospho-1-deoxyribulos-1-ylamino)methylideneamino]-1-(5-phosphoribosyl)imidazole-4-carboxamide	C1=NC(=C(N1C2C(C(C(O2)COP(=O)([O-])[O-])O)O)NC=NCC(=O)C(C(COP(=O)([O-])[O-])O)O)C(=O)N
E-Phenylitaconyl-CoA	CC(C)(COP(=O)([O-])OP(=O)([O-])OCC1C(C(C(O1)N2C=NC3=C(N=CN=C32)N)O)OP(=O)([O-])[O-])C(C(=O)NCCC(=O)NCCSC(=O)C(=CC4=CC=CC=C4)CC(=O)[O-])O
5-Amino-1-(5-Phospho-D-ribosyl)imidazole-4-carboxamide	C1=NC(=C(N1C2C(C(C(O2)COP(=O)([O-])[O-])O)O)N)C(=O)N
5-Formamido-1-(5-phospho-D-ribosyl)imidazole-4-carboxamide	C1=NC(=C(N1C2C(C(C(O2)COP(=O)([O-])[O-])O)O)NC=O)C(=O)N
N1-(5-Phospho-D-ribosyl)glycinamide	C(C1C(C(C(O1)NC(=O)C[NH3+])O)O)OP(=O)([O-])[O-]
Deamino-NAD+	C1=CC(=C[N+](=C1)C2C(C(C(O2)COP(=O)([O-])OP(=O)([O-])OCC3C(C(C(O3)N4C=NC5=C(N=CN=C54)N)O)O)O)O)C(=O)[O-]
N2-Formyl-N1-(5-phospho-D-ribosyl)glycinamide	C(C1C(C(C(O1)NC(=O)CNC=O)O)O)OP(=O)([O-])[O-]
5-Amino-6-(5'-phosphoribitylamino)uracil	C(C(C(C(COP(=O)([O-])[O-])O)O)O)NC1=C(C(=O)NC(=O)N1)N
4-amino-4-deoxychorismate	C=C(C(=O)[O-])OC1C=C(C=CC1[NH3+])C(=O)[O-]
Vinylacetyl-CoA	CC(C)(COP(=O)([O-])OP(=O)([O-])OCC1C(C(C(O1)N2C=NC3=C(N=CN=C32)N)O)OP(=O)([O-])[O-])C(C(=O)NCCC(=O)NCCSC(=O)CC=C)O
Stearoyl-CoA (n-C18:0CoA)	CCCCCCCCCCCCCCCCCC(=O)SCCNC(=O)CCNC(=O)C(C(C)(C)COP(=O)([O-])OP(=O)([O-])OCC1C(C(C(O1)N2C=NC3=C(N=CN=C32)N)O)OP(=O)([O-])[O-])O
Propanoyl-CoA	CCC(=O)SCCNC(=O)CCNC(=O)C(C(C)(C)COP(=O)([O-])OP(=O)([O-])OCC1C(C(C(O1)N2C=NC3=C(N=CN=C32)N)O)OP(=O)([O-])[O-])O
Phenylacetyl-CoA	CC(C)(COP(=O)([O-])OP(=O)([O-])OCC1C(C(C(O1)N2C=NC3=C(N=CN=C32)N)O)OP(=O)([O-])[O-])C(C(=O)NCCC(=O)NCCSC(=O)CC4=CC=CC=C4)O
Pentanoyl-CoA	CCCCC(=O)SCCNC(=O)CCNC(=O)C(C(C)(C)COP(=O)([O-])OP(=O)([O-])OCC1C(C(C(O1)N2C=NC3=C(N=CN=C32)N)O)OP(=O)([O-])[O-])O
Oxalyl-CoA	CC(C)(COP(=O)([O-])OP(=O)([O-])OCC1C(C(C(O1)N2C=NC3=C(N=CN=C32)N)O)OP(=O)([O-])[O-])C(C(=O)NCCC(=O)NCCSC(=O)C(=O)[O-])O
Malonyl CoA C24H33N7O19P3S	CC(C)(COP(=O)([O-])OP(=O)([O-])OCC1C(C(C(O1)N2C=NC3=C(N=CN=C32)N)O)OP(=O)([O-])[O-])C(C(=O)NCCC(=O)NCCSC(=O)CC(=O)[O-])O
Palmitoyl-CoA (n-C16:0CoA)	CCCCCCCCCCCCCCCC(=O)SCCNC(=O)CCNC(=O)C(C(C)(C)COP(=O)([O-])OP(=O)([O-])OCC1C(C(C(O1)N2C=NC3=C(N=CN=C32)N)O)OP(=O)([O-])[O-])O
Glutaryl-CoA mitochondria	CC(C)(COP(=O)([O-])OP(=O)([O-])OCC1C(C(C(O1)N2C=NC3=C(N=CN=C32)N)O)OP(=O)([O-])[O-])C(C(=O)NCCC(=O)NCCSC(=O)CCCC(=O)[O-])O
Formyl-CoA(4-)	CC(C)(COP(=O)([O-])OP(=O)([O-])OCC1C(C(C(O1)N2C=NC3=C(N=CN=C32)N)O)OP(=O)([O-])[O-])C(C(=O)NCCC(=O)NCCSC=O)O
Caffeoyl-CoA	CC(C)(COP(=O)([O-])OP(=O)([O-])OCC1C(C(C(O1)N2C=NC3=C(N=CN=C32)N)O)OP(=O)([O-])[O-])C(C(=O)NCCC(=O)NCCSC(=O)C=CC4=CC(=C(C=C4)O)O)O
Butanoyl-CoA	CCCC(=O)SCCNC(=O)CCNC(=O)C(C(C)(C)COP(=O)([O-])OP(=O)([O-])OCC1C(C(C(O1)N2C=NC3=C(N=CN=C32)N)O)OP(=O)([O-])[O-])O
Benzoyl-CoA	CC(C)(COP(=O)([O-])OP(=O)([O-])OCC1C(C(C(O1)N2C=NC3=C(N=CN=C32)N)O)OP(=O)([O-])[O-])C(C(=O)NCCC(=O)NCCSC(=O)C4=CC=CC=C4)O
Propenoyl-CoA	CC(C)(COP(=O)([O-])OP(=O)([O-])OCC1C(C(C(O1)N2C=NC3=C(N=CN=C32)N)O)OP(=O)([O-])[O-])C(C(=O)NCCC(=O)NCCSC(=O)C=C)O
O-Succinylbenzoyl-CoA	CC(C)(COP(=O)([O-])OP(=O)([O-])OCC1C(C(C(O1)N2C=NC3=C(N=CN=C32)N)O)OP(=O)([O-])[O-])C(C(=O)NCCC(=O)NCCSC(=O)C4=CC=CC=C4C(=O)CCC(=O)[O-])O
Pimeloyl-CoA	CC(C)(COP(=O)([O-])OP(=O)([O-])OCC1C(C(C(O1)N2C=NC3=C(N=CN=C32)N)O)OP(=O)([O-])[O-])C(C(=O)NCCC(=O)NCCSC(=O)CCCCCC(=O)[O-])O
4 hydroxybenoyl CoA C28H36N7O18P3S	CC(C)(COP(=O)([O-])OP(=O)([O-])OCC1C(C(C(O1)N2C=NC3=C(N=CN=C32)N)O)OP(=O)([O-])[O-])C(C(=O)NCCC(=O)NCCSC(=O)C4=CC=C(C=C4)O)O
P coumaroyl CoA C30H38N7O18P3S1	CC(C)(COP(=O)([O-])OP(=O)([O-])OCC1C(C(C(O1)N2C=NC3=C(N=CN=C32)N)O)OP(=O)([O-])[O-])C(C(=O)NCCC(=O)NCCSC(=O)C=CC4=CC=C(C=C4)O)O
3-Oxoadipyl-CoA	CC(C)(COP(=O)([O-])OP(=O)([O-])OCC1C(C(C(O1)N2C=NC3=C(N=CN=C32)N)O)OP(=O)([O-])[O-])C(C(=O)NCCC(=O)NCCSC(=O)CC(=O)CCC(=O)[O-])O
Isovaleryl-CoA	CC(C)CC(=O)SCCNC(=O)CCNC(=O)C(C(C)(C)COP(=O)([O-])OP(=O)([O-])OCC1C(C(C(O1)N2C=NC3=C(N=CN=C32)N)O)OP(=O)([O-])[O-])O
3-Methylbut-2-enoyl-CoA	CC(=CC(=O)SCCNC(=O)CCNC(=O)C(C(C)(C)COP(=O)([O-])OP(=O)([O-])OCC1C(C(C(O1)N2C=NC3=C(N=CN=C32)N)O)OP(=O)([O-])[O-])O)C
Isobutyryl-CoA	CC(C)C(=O)SCCNC(=O)CCNC(=O)C(C(C)(C)COP(=O)([O-])OP(=O)([O-])OCC1C(C(C(O1)N2C=NC3=C(N=CN=C32)N)O)OP(=O)([O-])[O-])O
2-Methylbutanoyl-CoA	CCC(C)C(=O)SCCNC(=O)CCNC(=O)C(C(C)(C)COP(=O)([O-])OP(=O)([O-])OCC1C(C(C(O1)N2C=NC3=C(N=CN=C32)N)O)OP(=O)([O-])[O-])O
2-Methyl-3-acetoacetyl-CoA	CC(C(=O)C)C(=O)SCCNC(=O)CCNC(=O)C(C(C)(C)COP(=O)([O-])OP(=O)([O-])OCC1C(C(C(O1)N2C=NC3=C(N=CN=C32)N)O)OP(=O)([O-])[O-])O
Crotonoyl-CoA	CC=CC(=O)SCCNC(=O)CCNC(=O)C(C(C)(C)COP(=O)([O-])OP(=O)([O-])OCC1C(C(C(O1)N2C=NC3=C(N=CN=C32)N)O)OP(=O)([O-])[O-])O
Trans Dodec 2 enoyl CoA C33H52N7O17P3S	CCCCCCCCCC=CC(=O)SCCNC(=O)CCNC(=O)C(C(C)(C)COP(=O)([O-])OP(=O)([O-])OCC1C(C(C(O1)N2C=NC3=C(N=CN=C32)N)O)OP(=O)([O-])[O-])O
(S)-Methylmalonyl-CoA	CC(C(=O)[O-])C(=O)SCCNC(=O)CCNC(=O)C(C(C)(C)COP(=O)([O-])OP(=O)([O-])OCC1C(C(C(O1)N2C=NC3=C(N=CN=C32)N)O)OP(=O)([O-])[O-])O
(R)-Methylmalonyl-CoA	CC(C(=O)[O-])C(=O)SCCNC(=O)CCNC(=O)C(C(C)(C)COP(=O)([O-])OP(=O)([O-])OCC1C(C(C(O1)N2C=NC3=C(N=CN=C32)N)O)OP(=O)([O-])[O-])O
 S  3 Hydroxybutyryl CoA C25H38N7O18P3S	CC(CC(=O)SCCNC(=O)CCNC(=O)C(C(C)(C)COP(=O)([O-])OP(=O)([O-])OCC1C(C(C(O1)N2C=NC3=C(N=CN=C32)N)O)OP(=O)([O-])[O-])O)O
(S)-3-Hydroxy-2-methylbutyryl-CoA	CC(C(C)O)C(=O)SCCNC(=O)CCNC(=O)C(C(C)(C)COP(=O)([O-])OP(=O)([O-])OCC1C(C(C(O1)N2C=NC3=C(N=CN=C32)N)O)OP(=O)([O-])[O-])O
Succinyl-CoA	CC(C)(COP(=O)([O-])OP(=O)([O-])OCC1C(C(C(O1)N2C=NC3=C(N=CN=C32)N)O)OP(=O)([O-])[O-])C(C(=O)NCCC(=O)NCCSC(=O)CCC(=O)[O-])O
Acetyl-CoA	CC(=O)SCCNC(=O)CCNC(=O)C(C(C)(C)COP(=O)([O-])OP(=O)([O-])OCC1C(C(C(O1)N2C=NC3=C(N=CN=C32)N)O)OP(=O)([O-])[O-])O
Acetoacetyl-CoA	CC(=O)CC(=O)SCCNC(=O)CCNC(=O)C(C(C)(C)COP(=O)([O-])OP(=O)([O-])OCC1C(C(C(O1)N2C=NC3=C(N=CN=C32)N)O)OP(=O)([O-])[O-])O
Benzylsuccinyl-CoA	CC(C)(COP(=O)([O-])OP(=O)([O-])OCC1C(C(C(O1)N2C=NC3=C(N=CN=C32)N)O)OP(=O)([O-])[O-])C(C(=O)NCCC(=O)NCCSC(=O)C(CC4=CC=CC=C4)CC(=O)[O-])O
3-Hydroxypropionyl-CoA	CC(C)(COP(=O)([O-])OP(=O)([O-])OCC1C(C(C(O1)N2C=NC3=C(N=CN=C32)N)O)OP(=O)([O-])[O-])C(C(=O)NCCC(=O)NCCSC(=O)CCO)O
L-Galactonate	C(C(C(C(C(C(=O)[O-])O)O)O)O)O
Feruloyl-CoA	CC(C)(COP(=O)([O-])OP(=O)([O-])OCC1C(C(C(O1)N2C=NC3=C(N=CN=C32)N)O)OP(=O)([O-])[O-])C(C(=O)NCCC(=O)NCCSC(=O)C=CC4=CC(=C(C=C4)O)OC)O
UDPglucose	C1=CN(C(=O)NC1=O)C2C(C(C(O2)COP(=O)([O-])OP(=O)([O-])OC3C(C(C(C(O3)CO)O)O)O)O)O
2-Dehydro-3-deoxy-D-gluconate	C(C(C(CO)O)O)C(=O)C(=O)[O-]
2-Dehydro-3-deoxy-D-gluconate 6-phosphate	C(C(C(COP(=O)([O-])[O-])O)O)C(=O)C(=O)[O-]
2-Dehydro-3-deoxy-D-galactonate 6-phosphate	C(C(C(COP(=O)([O-])[O-])O)O)C(=O)C(=O)[O-]
(2R,4S)-2-methyl-2,4-dihydroxydihydrofuran-3-one	CC1(C(=O)C(CO1)O)O
Fusidic acid	CC1C2CCC3(C(C2(CCC1O)C)C(CC4C3(CC(C4=C(CCC=C(C)C)C(=O)[O-])OC(=O)C)C)O)C
ADPglucose C16H23N5O15P2	C1=NC(=C2C(=N1)N(C=N2)C3C(C(C(O3)COP(=O)([O-])OP(=O)([O-])OC4C(C(C(C(O4)CO)O)O)O)O)O)N
D-Glycerate 2-phosphate	C(C(C(=O)[O-])OP(=O)([O-])[O-])O
6-Phospho-D-gluconate	C(C(C(C(C(C(=O)[O-])O)O)O)O)OP(=O)([O-])[O-]
L-Threonine O-3-phosphate	CC(C(C(=O)[O-])[NH3+])OP(=O)([O-])[O-]
L 2 Aminoadipate 6 semialdehyde C6H11NO3	C(CC=O)CC(C(=O)[O-])[NH3+]
DATP C10H12N5O12P3	C1C(C(OC1N2C=NC3=C(N=CN=C32)N)COP(=O)([O-])OP(=O)([O-])OP(=O)([O-])[O-])O
N-Formimidoyl-L-glutamate	C(CC(=O)[O-])C(C(=O)[O-])[NH+]=CN
S-Formylglutathione	C(CC(=O)NC(CSC=O)C(=O)NCC(=O)[O-])C(C(=O)[O-])[NH3+]
S-Adenosyl-L-homocysteine	C1=NC(=C2C(=N1)N(C=N2)C3C(C(C(O3)CSCCC(C(=O)[O-])[NH3+])O)O)N
All trans Hexaprenyl diphosphate C30H49O7P2	CC(=CCCC(=CCCC(=CCCC(=CCCC(=CCCC(=CCOP(=O)([O-])OP(=O)([O-])[O-])C)C)C)C)C)C
Alpha,alpha'-Trehalose 6-phosphate	C(C1C(C(C(C(O1)OC2C(C(C(C(O2)COP(=O)([O-])[O-])O)O)O)O)O)O)O
Gamma-glutamyl-gamma-butyraldehyde	C(CC=O)CNC(=O)CCC(C(=O)[O-])[NH3+]
2-Succinyl-6-hydroxy-2,4-cyclohexadiene-1-carboxylate	C1=CC(C(C(=C1)C(=O)CCC(=O)[O-])C(=O)[O-])O
DUDP C9H11N2O11P2	C1C(C(OC1N2C=CC(=O)NC2=O)COP(=O)([O-])OP(=O)([O-])[O-])O
Dihydrosirohydrochlorin C42H40N4O16	CC1(C(C2=CC3=C(C(=C(N3)CC4=C(C(=C(N4)C=C5C(C(C(=N5)C=C1[NH2+]2)CCC(=O)[O-])(C)CC(=O)[O-])CC(=O)[O-])CCC(=O)[O-])CCC(=O)[O-])CC(=O)[O-])CCC(=O)[O-])CC(=O)[O-]
UDP-N-acetylmuramoyl-L-alanine	CC(C(=O)[O-])NC(=O)C(C)OC1C(C(OC(C1O)CO)OP(=O)([O-])OP(=O)([O-])OCC2C(C(C(O2)N3C=CC(=O)NC3=O)O)O)NC(=O)C
Pantetheine 4'-phosphate	CC(C)(COP(=O)([O-])[O-])C(C(=O)NCCC(=O)NCCS)O
Arbutin 6-phosphate	C1=CC(=CC=C1O)OC2C(C(C(C(O2)COP(=O)([O-])[O-])O)O)O
D-Fructuronate	C(C1(C(C(C(O1)C(=O)[O-])O)O)O)O
Octanoyl-CoA (n-C8:0CoA)	CCCCCCCC(=O)SCCNC(=O)CCNC(=O)C(C(C)(C)COP(=O)([O-])OP(=O)([O-])OCC1C(C(C(O1)N2C=NC3=C(N=CN=C32)N)O)OP(=O)([O-])[O-])O
N2-Succinyl-L-arginine	C(CC(C(=O)[O-])NC(=O)CCC(=O)[O-])C[NH+]=C(N)N
Undecaprenyl phosphate	CC(=CCCC(=CCCC(=CCCC(=CCCC(=CCCC(=CCCC(=CCCC(=CCCC(=CCCC(=CCCC(=CCOP(=O)([O-])[O-])C)C)C)C)C)C)C)C)C)C)C
XTP	C1=NC2=C(N1C3C(C(C(O3)COP(=O)([O-])OP(=O)([O-])OP(=O)([O-])[O-])O)O)NC(=O)NC2=O
4-Methyl-5-(2-phosphoethyl)-thiazole	CC1=C(SC=N1)CCOP(=O)([O-])[O-]
N-((R)-4-Phosphopantothenoyl)-L-cysteine	CC(C)(COP(=O)([O-])[O-])C(C(=O)NCCC(=O)NC(CS)C(=O)[O-])O
D-Mannose 1-phosphate	C(C1C(C(C(C(O1)OP(=O)([O-])[O-])O)O)O)O
2-Methyl-4-amino-5-hydroxymethylpyrimidine diphosphate	CC1=NC=C(C(=N1)N)COP(=O)([O-])OP(=O)([O-])[O-]
All trans Decaprenyl diphosphate	CC(=CCCC(=CCCC(=CCCC(=CCCC(=CCCC(=CCCC(=CCCC(=CCCC(=CCCC(=CCOP(=O)([O-])OP(=O)([O-])[O-])C)C)C)C)C)C)C)C)C)C
3-Phospho-D-glycerate	C(C(C(=O)[O-])O)OP(=O)([O-])[O-]
Pyridoxamine	CC1=NC=C(C(=C1O)C[NH3+])CO
Gamma-glutamyl-gamma aminobutyric acid	C(CC(=O)[O-])CNC(=O)CCC(C(=O)[O-])[NH3+]
7,8-Diaminononanoate	CC(C(CCCCCC(=O)[O-])[NH3+])[NH3+]
Linoleic coenzyme A	CCCCCC=CCC=CCCCCCCCC(=O)SCCNC(=O)CCNC(=O)C(C(C)(C)COP(=O)([O-])OP(=O)([O-])OCC1C(C(C(O1)N2C=NC3=C(N=CN=C32)N)O)OP(=O)([O-])[O-])O
Lipoyl-AMP	C1CSSC1CCCCC(=O)OP(=O)([O-])OCC2C(C(C(O2)N3C=NC4=C(N=CN=C43)N)O)O
D-Tagatose 6-phosphate	C(C1C(C(C(O1)(CO)O)O)O)OP(=O)([O-])[O-]
All-trans-Octaprenyl diphosphate	CC(=CCCC(=CCCC(=CCCC(=CCCC(=CCCC(=CCCC(=CCCC(=CCOP(=O)([O-])OP(=O)([O-])[O-])C)C)C)C)C)C)C)C
3-Oxotetradecanoyl-CoA	CCCCCCCCCCCC(=O)CC(=O)SCCNC(=O)CCNC(=O)C(C(C)(C)COP(=O)([O-])OP(=O)([O-])OCC1C(C(C(O1)N2C=NC3=C(N=CN=C32)N)O)OP(=O)([O-])[O-])O
All-trans-Heptaprenyl diphosphate	CC(=CCCC(=CCCC(=CCCC(=CCCC(=CCCC(=CCCC(=CCOP(=O)([O-])OP(=O)([O-])[O-])C)C)C)C)C)C)C
4-Aminobutanal	C(CC=O)C[NH3+]
5-Amino-6-(5'-phosphoribosylamino)uracil	C(C1C(C(C(O1)NC2=C(C(=O)NC(=O)N2)N)O)O)OP(=O)([O-])[O-]
Phosphonoacetaldehyde	C(C=O)P(=O)(O)[O-]
Sucrose 6-phosphate	C(C1C(C(C(C(O1)OC2(C(C(C(O2)COP(=O)([O-])[O-])O)O)CO)O)O)O)O
2,3-diketo-5-methylthio-1-phosphopentane	CSCCC(=O)C(=O)COP(=O)([O-])[O-]
2-Oxoarginine	C(CC(=O)C(=O)[O-])C[NH+]=C(N)N
Dethiobiotin	CC1C(NC(=O)N1)CCCCCC(=O)[O-]
O Acetyl L homoserine C6H11NO4	CC(=O)OCCC(C(=O)[O-])[NH3+]
UDP-N-acetyl-3-O-(1-carboxyvinyl)-D-glucosamine	CC(=O)NC1C(C(C(OC1OP(=O)([O-])OP(=O)([O-])OCC2C(C(C(O2)N3C=CC(=O)NC3=O)O)O)CO)O)OC(=C)C(=O)[O-]
2,3-dihydroxybenzoylserine	C1=CC(=C(C(=C1)O)O)C(=O)NC(CO)C(=O)[O-]
L-Glutamate 1-semialdehyde	C(CC(=O)[O-])C(C=O)[NH3+]
DCTP C9H12N3O13P3	C1C(C(OC1N2C=CC(=NC2=O)N)COP(=O)([O-])OP(=O)([O-])OP(=O)([O-])[O-])O
UDP-N-acetylmuramoyl-L-alanyl-D-glutamyl-meso-2,6-diaminopimeloyl-D-alanyl-D-alanine	CC(C(=O)NC(CCC(=O)NC(CCCC(C(=O)[O-])[NH3+])C(=O)NC(C)C(=O)NC(C)C(=O)[O-])C(=O)[O-])NC(=O)C(C)OC1C(C(OC(C1O)CO)OP(=O)([O-])OP(=O)([O-])OCC2C(C(C(O2)N3C=CC(=O)NC3=O)O)O)NC(=O)C
Tetradecanoyl-CoA (n-C14:0CoA)	CCCCCCCCCCCCCC(=O)SCCNC(=O)CCNC(=O)C(C(C)(C)COP(=O)([O-])OP(=O)([O-])OCC1C(C(C(O1)N2C=NC3=C(N=CN=C32)N)O)OP(=O)([O-])[O-])O
 R  5 Phosphomevalonate C6H10O7P	CC(CCOP(=O)([O-])[O-])(CC(=O)[O-])O
3-(Imidazol-4-yl)-2-oxopropyl phosphate	C1=C(NC=N1)CC(=O)COP(=O)([O-])[O-]
L-Arogenate	C1=CC(C=CC1O)(CC(C(=O)[O-])[NH3+])C(=O)[O-]
N-Carbamoylputrescine	C(CCNC(=O)N)C[NH3+]
D-Glucuronate 1-phosphate	C1(C(C(OC(C1O)OP(=O)([O-])[O-])C(=O)[O-])O)O
Trans-Octadec-2-enoyl-CoA	CCCCCCCCCCCCCCCC=CC(=O)SCCNC(=O)CCNC(=O)C(C(C)(C)COP(=O)([O-])OP(=O)([O-])OCC1C(C(C(O1)N2C=NC3=C(N=CN=C32)N)O)OP(=O)([O-])[O-])O
Undecaprenyl diphosphate	CC(=CCCC(=CCCC(=CCCC(=CCCC(=CCCC(=CCCC(=CCCC(=CCCC(=CCCC(=CCCC(=CCOP(=O)([O-])OP(=O)([O-])[O-])C)C)C)C)C)C)C)C)C)C)C
Cellobiose 6 phosphate C12H21O14P	C(C1C(C(C(C(O1)O)O)O)OC2C(C(C(C(O2)COP(=O)([O-])[O-])O)O)O)O
Beta D Glucose 1 phosphate C6H11O9P	C(C1C(C(C(C(O1)OP(=O)([O-])[O-])O)O)O)O
3-Oxohexadecanoyl-CoA	CCCCCCCCCCCCCC(=O)CC(=O)SCCNC(=O)CCNC(=O)C(C(C)(C)COP(=O)([O-])OP(=O)([O-])OCC1C(C(C(O1)N2C=NC3=C(N=CN=C32)N)O)OP(=O)([O-])[O-])O
Decanoyl CoA C31H50N7O17P3S	CCCCCCCCCC(=O)SCCNC(=O)CCNC(=O)C(C(C)(C)COP(=O)([O-])OP(=O)([O-])OCC1C(C(C(O1)N2C=NC3=C(N=CN=C32)N)O)OP(=O)([O-])[O-])O
D-1-Aminopropan-2-ol O-phosphate	CC(C[NH3+])OP(=O)([O-])[O-]
All trans Pentaprenyl diphosphate C25H41O7P2	CC(=CCCC(=CCCC(=CCCC(=CCCC(=CCOP(=O)([O-])OP(=O)([O-])[O-])C)C)C)C)C
N2-Succinyl-L-glutamate 5-semialdehyde	C(CC(C(=O)[O-])NC(=O)CCC(=O)[O-])C=O
Salicin 6-phosphate	C1=CC=C(C(=C1)CO)OC2C(C(C(C(O2)COP(=O)([O-])[O-])O)O)O
8-Amino-7-oxononanoate	CC(C(=O)CCCCCC(=O)[O-])[NH3+]
Hydroxymethylglutathione	C(CC(=O)NC(CSCO)C(=O)NCC(=O)[O-])C(C(=O)[O-])[NH3+]
L-seryl-AMP	C1=NC(=C2C(=N1)N(C=N2)C3C(C(C(O3)COP(=O)([O-])OC(=O)C(CO)N)O)O)N
L-Cystathionine	C(CSCC(C(=O)[O-])[NH3+])C(C(=O)[O-])[NH3+]
3-Oxooctadecanoyl-CoA	CCCCCCCCCCCCCCCC(=O)CC(=O)SCCNC(=O)CCNC(=O)C(C(C)(C)COP(=O)([O-])OP(=O)([O-])OCC1C(C(C(O1)N2C=NC3=C(N=CN=C32)N)O)OP(=O)([O-])[O-])O
N Acetylputrescine C6H15N2O	CC(=O)NCCCC[NH3+]
D-Glucosamine 1-phosphate	C(C1C(C(C(C(O1)OP(=O)([O-])[O-])[NH3+])O)O)O
P1,P4-Bis(5'-adenosyl) tetraphosphate	C1=NC(=C2C(=N1)N(C=N2)C3C(C(C(O3)COP(=O)([O-])OP(=O)([O-])OP(=O)([O-])OP(=O)([O-])OCC4C(C(C(O4)N5C=NC6=C(N=CN=C65)N)O)O)O)O)N
UDP-N-acetylmuramoyl-L-alanyl-D-glutamate	CC(C(=O)NC(CCC(=O)[O-])C(=O)[O-])NC(=O)C(C)OC1C(C(OC(C1O)CO)OP(=O)([O-])OP(=O)([O-])OCC2C(C(C(O2)N3C=CC(=O)NC3=O)O)O)NC(=O)C
L-alanine-D-glutamate	CC(C(=O)NC(CCC(=O)[O-])C(=O)[O-])[NH3+]
S-Adenosylmethioninamine	C[S+](CCC[NH3+])CC1C(C(C(O1)N2C=NC3=C(N=CN=C32)N)O)O
Glycerophosphoglycerol	C(C(COP(=O)([O-])OCC(CO)O)O)O
Uroporphyrinogen III	C1C2=C(C(=C(N2)CC3=C(C(=C(N3)CC4=C(C(=C(N4)CC5=C(C(=C1N5)CCC(=O)[O-])CC(=O)[O-])CC(=O)[O-])CCC(=O)[O-])CC(=O)[O-])CCC(=O)[O-])CC(=O)[O-])CCC(=O)[O-]
UDP-D-glucuronate	C1=CN(C(=O)NC1=O)C2C(C(C(O2)COP(=O)([O-])OP(=O)([O-])OC3C(C(C(C(O3)C(=O)[O-])O)O)O)O)O
1,2-ditetradecanoyl-sn-glycerol 3-phosphate	CCCCCCCCCCCCCC(=O)OCC(COP(=O)([O-])[O-])OC(=O)CCCCCCCCCCCCC
Phosphotyrosine	C1=CC(=CC=C1CC(C(=O)[O-])[NH3+])OP(=O)([O-])[O-]
5-Aminopentanamide	C(CC[NH3+])CC(=O)N
5-phosphoribosyl-5-carboxyaminoimidazole	C1=C(N(C=N1)C2C(C(C(O2)COP(=O)([O-])[O-])O)O)NC(=O)[O-]
1,2-dihexadecanoyl-sn-glycerol 3-phosphate	CCCCCCCCCCCCCCCC(=O)OCC(COP(=O)([O-])[O-])OC(=O)CCCCCCCCCCCCCCC
L Arginine phosphate C6H14N4O5P	C(CC(C(=O)[O-])[NH3+])C[NH+]=C(N)NP(=O)([O-])[O-]
N-Pantothenoylcysteine	CC(C)(CO)C(C(=O)NCCC(=O)NC(CS)C(=O)[O-])O
6-Amino-2-oxohexanoate	C(CC[NH3+])CC(=O)C(=O)[O-]
L 4 Hydroxyglutamate semialdehyde C5H9NO4	C(C(C=O)O)C(C(=O)[O-])[NH3+]
1,2-dioctadecanoyl-sn-glycerol 3-phosphate	CCCCCCCCCCCCCCCCCC(=O)OCC(COP(=O)([O-])[O-])OC(=O)CCCCCCCCCCCCCCCCC
4-Guanidinobutanal	C(CC=O)C[NH+]=C(N)N
4 Guanidinobutanoate C5H11N3O2	C(CC(=O)[O-])C[NH+]=C(N)N
5-Amino-2-oxopentanoate	C(CC(=O)C(=O)[O-])C[NH3+]
Maltose 6'-phosphate	C(C1C(C(C(C(O1)O)O)O)OC2C(C(C(C(O2)COP(=O)([O-])[O-])O)O)O)O
Dodecanoyl-CoA (n-C12:0CoA)	CCCCCCCCCCCC(=O)SCCNC(=O)CCNC(=O)C(C(C)(C)COP(=O)([O-])OP(=O)([O-])OCC1C(C(C(O1)N2C=NC3=C(N=CN=C32)N)O)OP(=O)([O-])[O-])O
Coenzyme A	CC(C)(COP(=O)([O-])OP(=O)([O-])OCC1C(C(C(O1)N2C=NC3=C(N=CN=C32)N)O)OP(=O)([O-])[O-])C(C(=O)NCCC(=O)NCCS)O
Ubiquinol-8	CC1=C(C(=C(C(=C1O)OC)OC)O)CC=C(C)CCC=C(C)CCC=C(C)CCC=C(C)CCC=C(C)CCC=C(C)CCC=C(C)CCC=C(C)C
4-(cytidine 5'-diphospho)-2-C-methyl-D-erythritol	CC(CO)(C(COP(=O)([O-])OP(=O)([O-])OCC1C(C(C(O1)N2C=CC(=NC2=O)N)O)O)O)O
 R  5 Diphosphomevalonate C6H10O10P2	CC(CCOP(=O)([O-])OP(=O)([O-])[O-])(CC(=O)[O-])O
2-Phosphoglycolate	C(C(=O)[O-])OP(=O)([O-])[O-]
L-Lysine	C(CCN)CC(C(=O)O)[NH3+]
1-Acyl-sn-glycero-3-phosphoethanolamine (n-C12:0)	CCCCCCCCCCCC(=O)OCC(COP(=O)(O)OCCN)O
5-Dehydro-D-gluconate	C(C(=O)C(C(C(C(=O)[O-])O)O)O)O
Glyceraldehyde 3-phosphate	C(C(C=O)O)OP(=O)([O-])[O-]
Pyridoxine 5'-phosphate	CC1=NC=C(C(=C1O)CO)COP(=O)([O-])[O-]
UDP-N-acetylmuramate	CC(C(=O)[O-])OC1C(C(OC(C1O)CO)OP(=O)([O-])OP(=O)([O-])OCC2C(C(C(O2)N3C=CC(=O)NC3=O)O)O)NC(=O)C
D-2,3-Diketo 4-deoxy-epi-inositol	C1C(C(C(C(=O)C1=O)O)O)O
S-Adenosyl-L-methionine	C[S+](CCC(C(=O)[O-])[NH3+])CC1C(C(C(O1)N2C=NC3=C(N=CN=C32)N)O)O
NMN C11H14N2O8P	C1=CC(=C[N+](=C1)C2C(C(C(O2)COP(=O)([O-])[O-])O)O)C(=O)N
Alpha-D-Ribose 1-phosphate	C(C1C(C(C(O1)OP(=O)([O-])[O-])O)O)O
Pyrroloquinoline-quinone	C1=C(C2=C(C(=O)C(=O)C3=C2NC(=C3)C(=O)[O-])N=C1C(=O)[O-])C(=O)[O-]
L-Xylulose 5-phosphate	C(C(C(C(=O)CO)O)O)OP(=O)([O-])[O-]
(R)-2,3-Dihydroxy-3-methylbutanoate	CC(C)(C(C(=O)[O-])O)O
2-Deoxy-D-ribose 5-phosphate	C(C=O)C(C(COP(=O)([O-])[O-])O)O
D-Mannitol 1-phosphate	C(C(C(C(C(COP(=O)([O-])[O-])O)O)O)O)O
4-Hydroxy-2-ketopimelate	C(CC(=O)[O-])C(CC(=O)C(=O)[O-])O
Mucolactone	C1=CC(=O)OC1CC(=O)[O-]
Methylisocitrate	CC(C(CC(=O)[O-])C(=O)[O-])(C(=O)[O-])O
Cis-2-Methylaconitate	CC(=C(CC(=O)[O-])C(=O)[O-])C(=O)[O-]
(-)-Ureidoglycolate	C(C(=O)[O-])(NC(=O)N)O
5-Methylthio-5-deoxy-D-ribulose 1-phosphate	CSCC(C(C(=O)COP(=O)([O-])[O-])O)O
D-Allose 6-phosphate	C(C(C(C(C(C=O)O)O)O)O)OP(=O)([O-])[O-]
5-Oxo-4,5-dihydrofuran-2-acetate	C1C=C(OC1=O)CC(=O)[O-]
Adenosine 3',5'-bisphosphate	C1=NC(=C2C(=N1)N(C=N2)C3C(C(C(O3)COP(=O)([O-])[O-])OP(=O)([O-])[O-])O)N
2 Oxoadipate C6H6O5	C(CC(=O)C(=O)[O-])CC(=O)[O-]
Thiamin	CC1=C(SC=[N+]1CC2=CN=C(N=C2N)C)CCO.[Cl-]
3  UMP C9H11N2O9P	C1=CN(C(=O)NC1=O)C2C(C(C(O2)CO)OP(=O)([O-])[O-])O
D-Mannose 6-phosphate	C(C1C(C(C(C(O1)O)O)O)O)OP(=O)([O-])[O-]
D-Glucose 6-phosphate	C(C1C(C(C(C(O1)O)O)O)O)OP(=O)([O-])[O-]
D-Glucose 1-phosphate	C(C1C(C(C(C(O1)OP(=O)([O-])[O-])O)O)O)O
D-Fructose 1-phosphate	C(C1C(C(C(O1)(COP(=O)([O-])[O-])O)O)O)O
1-deoxy-D-xylulose 5-phosphate	CC(=O)C(C(COP(=O)([O-])[O-])O)O
2-Deoxy-D-ribose 1-phosphate	C1C(C(OC1OP(=O)([O-])[O-])CO)O
Piperideine	C1CC[NH+]=CC1
N-Acetyl-D-mannosamine	CC(=O)NC(C=O)C(C(C(CO)O)O)O
DAMP C10H12N5O6P	C1C(C(OC1N2C=NC3=C(N=CN=C32)N)COP(=O)([O-])[O-])O
Bicarbonate	[H+].C(=O)([O-])[O-]
Hydrogen peroxide	[H+].O[O-]
H2O H2O	[H+].[OH-]
2-Hydroxy-3-oxopropanoate	C(=O)C(C(=O)[O-])O
Propanoyl phosphate	CCC(=O)OP(=O)([O-])[O-]
3,4-dihydroxy-2-butanone 4-phosphate	CC(=O)C(COP(=O)([O-])[O-])O
2-Isopropylmaleate	CC(C)C(=CC(=O)[O-])C(=O)[O-]
2-Methyl-3-oxopropanoate	CC(C=O)C(=O)[O-]
Butanoyl phosphate	CCCC(=O)OP(=O)([O-])[O-]
2-C-methyl-D-erythritol 4-phosphate	CC(CO)(C(COP(=O)([O-])[O-])O)O
2-C-methyl-D-erythritol 2,4-cyclodiphosphate	CC1(C(COP(=O)(OP(=O)(O1)[O-])[O-])O)CO
Nicotinamide adenine dinucleotide - reduced	C1C=CN(C=C1C(=O)N)C2C(C(C(O2)COP(=O)([O-])OP(=O)([O-])OCC3C(C(C(O3)N4C=NC5=C(N=CN=C54)N)O)O)O)O
Beta D glucose 6 phosphate C6H11O9P	C(C1C(C(C(C(O1)O)O)O)O)OP(=O)([O-])[O-]
Alpha-D-glucose 6 phosphate	C(C1C(C(C(C(O1)O)O)O)O)OP(=O)([O-])[O-]
D-Fructose 6-phosphate	C(C1C(C(C(O1)(CO)O)O)O)OP(=O)([O-])[O-]
1-hydroxy-2-methyl-2-(E)-butenyl 4-diphosphate	CC(=CCOP(=O)([O-])OP(=O)([O-])[O-])CO
(R)-2,3-Dihydroxy-3-methylpentanoate	CCC(C)(C(C(=O)[O-])O)O
5-Hydroxy-2-oxo-4-ureido-2,5-dihydro-1H-imidazole-5-carboxylate	C1(=NC(=O)NC1(C(=O)[O-])O)NC(=O)N
1,2-Dihydroxy-3-methylcyclohexa-3,5-dienecarboxylate	CC1=CC=CC(C1O)(C(=O)[O-])O
Galactitol 1-phosphate	C(C(C(C(C(COP(=O)([O-])[O-])O)O)O)O)O
 R  2 Oxo 3 methylpentanoate C6H9O3	CCC(C)C(=O)C(=O)[O-]
(S)-2-Aceto-2-hydroxybutanoate	CCC(C(=O)C)(C(=O)[O-])O
L-Ribulose 5-phosphate	C(C(C(C(=O)CO)O)O)OP(=O)([O-])[O-]
D-Ribulose 5-phosphate	C(C(C(C(=O)CO)O)O)OP(=O)([O-])[O-]
DADP C10H12N5O9P2	C1C(C(OC1N2C=NC3=C(N=CN=C32)N)COP(=O)([O-])OP(=O)([O-])[O-])O
D-Fructose 1,6-bisphosphate	C(C1C(C(C(O1)(COP(=O)([O-])[O-])O)O)O)OP(=O)([O-])[O-]
DTDP C10H13N2O11P2	CC1=CN(C(=O)NC1=O)C2CC(C(O2)COP(=O)([O-])OP(=O)([O-])[O-])O
3-Ureidoisobutyrate	CC(CNC(=O)N)C(=O)[O-]
D-Sorbitol 6-phosphate	C(C(C(C(C(COP(=O)([O-])[O-])O)O)O)O)O
DCDP C9H12N3O10P2	C1C(C(OC1N2C=CC(=NC2=O)N)COP(=O)([O-])OP(=O)([O-])[O-])O
Coproporphyrinogen III	CC1=C2CC3=C(C(=C(N3)CC4=C(C(=C(N4)CC5=C(C(=C(N5)CC(=C1CCC(=O)[O-])N2)C)CCC(=O)[O-])C)CCC(=O)[O-])CCC(=O)[O-])C
Protoporphyrinogen IX	CC1=C2CC3=C(C(=C(N3)CC4=C(C(=C(N4)CC5=C(C(=C(N5)CC(=C1CCC(=O)[O-])N2)CCC(=O)[O-])C)C=C)C)C=C)C
5-Phospho-alpha-D-ribose 1-diphosphate	C(C1C(C(C(O1)OP(=O)([O-])OP(=O)([O-])[O-])O)O)OP(=O)([O-])[O-]
(R)-3-Hydroxy-3-methyl-2-oxopentanoate	CCC(C)(C(=O)C(=O)[O-])O
Phenol	[H+].C1=CC=C(C=C1)[O-]
Oxalureate	C(=O)(C(=O)[O-])NC(=O)N
CDP C9H12N3O11P2	C1=CN(C(=O)N=C1N)C2C(C(C(O2)COP(=O)([O-])OP(=O)([O-])[O-])O)O
UDP C9H11N2O12P2	C1=CN(C(=O)NC1=O)C2C(C(C(O2)COP(=O)([O-])OP(=O)([O-])[O-])O)O
Geranyl diphosphate	CC(=CCCC(=CCOP(=O)([O-])OP(=O)([O-])[O-])C)C
Ethanolamine	[H+].C(CO)N
Aminoacetaldehyde C2H5NO	C(C=O)[NH3+]
DUMP C9H11N2O8P	C1C(C(OC1N2C=CC(=O)NC2=O)COP(=O)([O-])[O-])O
2-Dehydropantoate	CC(C)(CO)C(=O)C(=O)[O-]
Ammonium	[H+].N
D-Glucuronate	C1(C(C(OC(C1O)O)C(=O)[O-])O)O
N-Acetylmuramate	CC(C(=O)[O-])OC1C(C(OC(C1O)CO)O)NC(=O)C
UDP-N-acetyl-D-glucosamine	CC(=O)NC1C(C(C(OC1OP(=O)([O-])OP(=O)([O-])OCC2C(C(C(O2)N3C=CC(=O)NC3=O)O)O)CO)O)O
Fe-enterobactin	C1C(C(=O)OCC(C(=O)OCC(C(=O)O1)NC(=O)C2=C(C(=CC=C2)[O-])[O-])NC(=O)C3=C(C(=CC=C3)[O-])[O-])NC(=O)C4=C(C(=CC=C4)[O-])[O-].[Fe+3]
Farnesyl diphosphate	CC(=CCCC(=CCCC(=CCOP(=O)([O-])OP(=O)([O-])[O-])C)C)C
Dimethylallyl diphosphate	CC(=CCOP(=O)([O-])OP(=O)([O-])[O-])C
Isopentenyl diphosphate	CC(=C)CCOP(=O)([O-])OP(=O)([O-])[O-]
Nicotinamide adenine dinucleotide phosphate - reduced	C1C=CN(C=C1C(=O)N)C2C(C(C(O2)COP(=O)([O-])OP(=O)([O-])OCC3C(C(C(O3)N4C=NC5=C(N=CN=C54)N)OP(=O)([O-])[O-])O)O)O
Thiamin monophosphate	CC1=C(SC=[N+]1CC2=CN=C(N=C2N)C)CCOP(=O)([O-])[O-]
6-Phospho-2-dehydro-D-gluconate	C(C(C(C(C(=O)C(=O)[O-])O)O)O)OP(=O)([O-])[O-]
Novobiocin	CC1=C(C=CC2=C1OC(=O)C(=C2[O-])NC(=O)C3=CC(=C(C=C3)O)CC=C(C)C)OC4C(C(C(C(O4)(C)C)OC)OC(=O)N)O
L-Aspartate	C(C(C(=O)[O-])N)C(=O)O
Nicotinamide adenine dinucleotide phosphate	C1=CC(=C[N+](=C1)C2C(C(C(O2)COP(=O)([O-])OP(=O)([O-])OCC3C(C(C(O3)N4C=NC5=C(N=CN=C54)N)OP(=O)([O-])[O-])O)O)O)C(=O)N
Nicotinamide adenine dinucleotide	C1=CC(=C[N+](=C1)C2C(C(C(O2)COP(=O)([O-])OP(=O)([O-])OCC3C(C(C(O3)N4C=NC5=C(N=CN=C54)N)O)O)O)O)C(=O)N
3  AMP C10H12N5O7P	C1=NC(=C2C(=N1)N(C=N2)C3C(C(C(O3)CO)OP(=O)([O-])[O-])O)N
AMP C10H12N5O7P	C1=NC(=C2C(=N1)N(C=N2)C3C(C(C(O3)COP(=O)([O-])[O-])O)O)N
Thiamine diphosphate	CC1=C(SC=[N+]1CC2=CN=C(N=C2N)C)CCOP(=O)([O-])OP(=O)([O-])[O-]
Phosphatidylethanolamine (dioctadecanoyl, n-C18:0)	CCCCCCCCCCCCCCCCCC(=O)OCC(COP(=O)([O-])OCC[NH3+])OC(=O)CCCCCCCCCCCCCCCCC
D-Tagatose 1,6-biphosphate	C(C1C(C(C(O1)(COP(=O)([O-])[O-])O)O)O)OP(=O)([O-])[O-]
L-Glutamate	C(CC(=O)O)C(C(=O)[O-])N
Shikimate 5-phosphate	C1C(C(C(C=C1C(=O)[O-])OP(=O)([O-])[O-])O)O
5-O-(1-Carboxyvinyl)-3-phosphoshikimate	C=C(C(=O)[O-])OC1CC(=CC(C1O)OP(=O)([O-])[O-])C(=O)[O-]
L-Rhamnulose	CC(C(C(C(=O)CO)O)O)O
Reduced riboflavin	CC1=CC2=C(C=C1C)N(C3=C(N2)C(=O)NC(=O)N3)CC(C(C(CO)O)O)O
(S)-2-Acetolactate	CC(=O)C(C)(C(=O)[O-])O
Maltopentaose	C(C1C(C(C(C(O1)OC2C(OC(C(C2O)O)OC3C(OC(C(C3O)O)OC4C(OC(C(C4O)O)OC5C(OC(C(C5O)O)O)CO)CO)CO)CO)O)O)O)O
Ammonium hydroxide	N.O
Bimane	CC1=C(N2C(=C(C(=O)N2C1=O)C)C)C
DTTP C10H13N2O14P3	CC1=CN(C(=O)NC1=O)C2CC(C(O2)COP(=O)([O-])OP(=O)([O-])OP(=O)([O-])[O-])O
3-Hydroxy-2-methylpropanoate	CC(CO)C(=O)[O-]
1-Pyrroline-5-carboxylate	C1CC(N=C1)C(=O)[O-]
S-(2-Methylpropanoyl)-dihydrolipoamide	CC(C)C(=O)SCCC(CCCCC(=O)N)S
N-Succinyl-LL-2,6-diaminoheptanedioate	C(CC(C(=O)[O-])[NH3+])CC(C(=O)[O-])NC(=O)CCC(=O)[O-]
N6-Acetyl-LL-2,6-diaminoheptanedioate	CC(=O)NC(CCCC(C(=O)[O-])[NH3+])C(=O)[O-]
L-methionine-R-sulfoxide	CS(=O)CCC(C(=O)[O-])[NH3+]
Phosphatidylethanolamine (dihexadecanoyl, n-C16:0)	CCCCCCCCCCCCCCCC(=O)OCC(COP(=O)([O-])OCC[NH3+])OC(=O)CCCCCCCCCCCCCCC
4,5-dihydroxy-2,3-pentanedione	CC(=O)C(=O)C(CO)O
Xylotetraose	C1C(C(C(C(O1)OC2COC(C(C2O)O)OC3COC(C(C3O)O)OC4COC(C(C4O)O)O)O)O)O
Deoxyribose C5H10O4	C1C(C(OC1O)CO)O
UDPgalactose	C1=CN(C(=O)NC1=O)C2C(C(C(O2)COP(=O)([O-])OP(=O)([O-])OC3C(C(C(C(O3)CO)O)O)O)O)O
2,5-diketo-D-gluconate	C(C(=O)C(C(C(=O)C(=O)[O-])O)O)O
5-Oxopentanoate	C(CC=O)CC(=O)[O-]
N-(5-Phospho-D-ribosyl)anthranilate	C1=CC=C(C(=C1)C(=O)[O-])NC2C(C(C(O2)COP(=O)([O-])[O-])O)O
1-deoxy-D-xylulose	CC(=O)C(C(CO)O)O
Allophanate C2H3N2O3	C(=O)(N)NC(=O)[O-]
Succinic semialdehyde	C(CC(=O)[O-])C=O
Cis,cis-Butadiene-1,2,4-tricarboxylate	C(=CC(=O)[O-])C(=CC(=O)[O-])C(=O)[O-]
2-Oxohept-3-ene-1,7-dioate	C(CC(=O)[O-])C=CC(=O)C(=O)[O-]
2-Oxopent-4-enoate	C=CCC(=O)C(=O)[O-]
Malonate semialdehyde	C(C=O)C(=O)[O-]
Cis-3-(3-carboxyethyl)-3,5-cyclohexadiene-1,2-diol	C1=CC(C(C(=C1)CCC(=O)[O-])O)O
Cis-1,2-Dihydroxycyclohexa-3,5-diene-1-carboxylate	C1=CC(C(C=C1)(C(=O)[O-])O)O
4-Hydroxy-2-oxohexanoic acid	CCC(CC(=O)C(=O)[O-])O
Cis-1,2-Dihydroxy-4-methylcyclohexa-3,5-diene-1-carboxylate	CC1=CC(C(C=C1)(C(=O)[O-])O)O
4-Hydroxy-2-oxopentanoate	CC(CC(=O)C(=O)[O-])O
L-Prolinylglycine	C1CC([NH2+]C1)C(=O)NCC(=O)[O-]
Sarcosine C3H7NO2	C[NH2+]CC(=O)[O-]
D-Alanine	CC(C(=O)[O-])[NH3+]
L-Alanine	CC(C(=O)[O-])[NH3+]
Cis,cis-Muconate	C(=CC(=O)[O-])C=CC(=O)[O-]
Sulfoacetate	C(C(=O)[O-])S(=O)(=O)[O-]
L-Cysteate	C(C(C(=O)[O-])[NH3+])S(=O)(=O)[O-]
3  CMP C9H12N3O8P	C1=CN(C(=O)N=C1N)C2C(C(C(O2)CO)OP(=O)([O-])[O-])O
Alpha-D-Ribose 5-phosphate	C(C1C(C(C(O1)O)O)O)OP(=O)([O-])[O-]
Alpha-D-Galactose 1-phosphate	C(C1C(C(C(C(O1)OP(=O)([O-])[O-])O)O)O)O
S-Methyl-L-methionine	C[S+](C)CCC(C(=O)[O-])[NH3+]
Cys Gly C5H10N2O3S	C(C(C(=O)NCC(=O)[O-])[NH3+])S
CAMP C10H11N5O6P	C1C2C(C(C(O2)N3C=NC4=C(N=CN=C43)N)O)OP(=O)(O1)[O-]
Gamma-L-Glutamyl-L-cysteine	C(CC(=O)NC(CS)C(=O)[O-])C(C(=O)[O-])[NH3+]
D-O-Phosphoserine	C(C(C(=O)[O-])[NH3+])OP(=O)([O-])[O-]
O-Phospho-L-serine	C(C(C(=O)[O-])[NH3+])OP(=O)([O-])[O-]
UTP C9H11N2O15P3	C1=CN(C(=O)NC1=O)C2C(C(C(O2)COP(=O)([O-])OP(=O)([O-])OP(=O)([O-])[O-])O)O
CTP C9H12N3O14P3	C1=CN(C(=O)N=C1N)C2C(C(C(O2)COP(=O)([O-])OP(=O)([O-])OP(=O)([O-])[O-])O)O
CMP C9H12N3O8P	C1=CN(C(=O)N=C1N)C2C(C(C(O2)COP(=O)([O-])[O-])O)O
ADP C10H12N5O10P2	C1=NC(=C2C(=N1)N(C=N2)C3C(C(C(O3)COP(=O)([O-])OP(=O)([O-])[O-])O)O)N
Shikimate	C1C(C(C(C=C1C(=O)[O-])O)O)O
6 Aminopenicillanic acid C8H12N2O3S	CC1(C(N2C(S1)C(C2=O)[NH3+])C(=O)[O-])C
Glycerol 3-phosphate	C(C(COP(=O)([O-])[O-])O)O
5-Amino-4-oxopentanoate	C(CC(=O)[O-])C(=O)C[NH3+]
L-Leucine	CC(C)CC(C(=O)[O-])[NH3+]
L-Isoleucine	CCC(C)C(C(=O)[O-])[NH3+]
5 L Glutamyl L alanine C8H13N2O5	CC(C(=O)[O-])NC(=O)CCC(C(=O)[O-])[NH3+]
L-alanine-L-glutamate	CC(C(=O)NC(CCC(=O)[O-])C(=O)[O-])[NH3+]
L-Allo-threonine	CC(C(C(=O)[O-])[NH3+])O
Ala L asp L C7H11N2O5	CC(C(=O)NC(CC(=O)[O-])C(=O)[O-])[NH3+]
Gly asp L C6H9N2O5	C(C(C(=O)[O-])NC(=O)C[NH3+])C(=O)[O-]
2',3'-Cyclic AMP	C1=NC(=C2C(=N1)N(C=N2)C3C4C(C(O3)CO)OP(=O)(O4)[O-])N
D-Alanyl-D-alanine	CC(C(=O)NC(C)C(=O)[O-])[NH3+]
D-Methionine	CSCCC(C(=O)[O-])[NH3+]
D-Ornithine	C(CC(C(=O)[O-])[NH3+])C[NH3+]
L Cystine C6H12N2O4S2	C(C(C(=O)[O-])[NH3+])SSCC(C(=O)[O-])[NH3+]
N2-Acetyl-L-ornithine	CC(=O)NC(CCC[NH3+])C(=O)[O-]
5-Aminopentanoate	C(CC[NH3+])CC(=O)[O-]
4-Aminobutanoate	C(CC(=O)[O-])C[NH3+]
L-Citrulline	C(CC(C(=O)[O-])[NH3+])CNC(=O)N
Spermidine	C(CC[NH2+]CCC[NH3+])C[NH3+]
Lipoamide C8H15NOS2	C1CSSC1CCCCC(=O)N
L-Asparagine	C(C(C(=O)[O-])[NH3+])C(=O)N
L-Methionine	CSCCC(C(=O)[O-])[NH3+]
L-Glutamine	C(CC(=O)N)C(C(=O)[O-])[NH3+]
4 Acetamidobutanoate C6H10NO3	CC(=O)NCCCC(=O)[O-]
N-Carbamoyl-beta-alanine	C(CNC(=O)N)C(=O)[O-]
L erythro 4 Hydroxyglutamate C5H8NO5	C(C(C(=O)[O-])[NH3+])C(C(=O)[O-])O
3-(4-Hydroxyphenyl)pyruvate	C1=CC(=CC=C1CC(=O)C(=O)[O-])O
L-3-Amino-isobutanoate	CC(C[NH3+])C(=O)[O-]
(R)-3-Hydroxybutanoate	CC(CC(=O)[O-])O
N,N-Dimethylglycine	C[NH+](C)CC(=O)[O-]
Trans 4 Hydroxy L proline C5H9NO3	C1C(C[NH2+]C1C(=O)[O-])O
O-Acetyl-L-serine	CC(=O)OCC(C(=O)[O-])[NH3+]
L-Proline	C1CC([NH2+]C1)C(=O)[O-]
L-Homoserine	C(CO)C(C(=O)[O-])[NH3+]
L-Threonine	CC(C(C(=O)[O-])[NH3+])O
Acetoacetate	CC(=O)CC(=O)[O-]
L-Histidine	C1=C(NC=N1)CC(C(=O)[O-])[NH3+]
3 Hydroxyphenylacetic acid C8H8O3	C1=CC(=CC(=C1)O)CC(=O)[O-]
Tricarballylate	C(C(CC(=O)[O-])C(=O)[O-])C(=O)[O-]
M-toluate	CC1=CC(=CC=C1)C(=O)[O-]
L-Tyrosine	C1=CC(=CC=C1CC(C(=O)[O-])[NH3+])O
L-pipecolic acid; piperidine-2-carboxylic acid	C1CC[NH2+]C(C1)C(=O)[O-]
3-(3-hydroxy-phenyl)propionate	C1=CC(=CC(=C1)O)CCC(=O)[O-]
L-Phenylalanine	C1=CC=C(C=C1)CC(C(=O)[O-])[NH3+]
L-Tryptophan	C1=CC=C2C(=C1)C(=CN2)CC(C(=O)[O-])[NH3+]
Porphobilinogen	C1=C(C(=C(N1)C[NH3+])CC(=O)[O-])CCC(=O)[O-]
6-Hydroxynicotinate	C1=CC(=O)NC=C1C(=O)[O-]
L-gulonate	C(C(C(C(C(C(=O)[O-])O)O)O)O)O
L-Serine	C(C(C(=O)[O-])[NH3+])O
D-Serine	C(C(C(=O)[O-])[NH3+])O
N-Acetyl-L-glutamate 5-semialdehyde	CC(=O)NC(CCC=O)C(=O)[O-]
Arsenite	O[As](O)[O-]
L-Fuculose 1-phosphate	CC(C(C(C(=O)COP(=O)([O-])[O-])O)O)O
3-Carboxy-2-hydroxy-4-methylpentanoate	CC(C)C(C(C(=O)[O-])O)C(=O)[O-]
(S)-3-Methyl-2-oxopentanoate	CCC(C)C(=O)C(=O)[O-]
N-Acetylneuraminate	CC(=O)NC1C(CC(OC1C(C(CO)O)O)(C(=O)[O-])O)O
2-Deoxy-5-keto-D-gluconic acid	C(C(C(C(=O)CO)O)O)C(=O)[O-]
2-Dehydro-D-gluconate	C(C(C(C(C(=O)C(=O)[O-])O)O)O)O
L-fuculose	CC(C(C(C(=O)CO)O)O)O
Biotin	C1C2C(C(S1)CCCCC(=O)[O-])NC(=O)N2
Menaquinol 6	CC1=C(C2=CC=CC=C2C(=C1CC=C(C)CCC=C(C)CCC=C(C)CCC=C(C)CCC=C(C)CCC=C(C)C)O)O
3-Carboxy-3-hydroxy-4-methylpentanoate	CC(C)C(CC(=O)[O-])(C(=O)[O-])O
L-Cysteine	C(C(C(=O)[O-])[NH3+])S
D-Cysteine	C(C(C(=O)[O-])[NH3+])S
N-Succinyl-2-L-amino-6-oxoheptanedioate	C(CC(C(=O)[O-])NC(=O)CCC(=O)[O-])CC(=O)C(=O)[O-]
5-Methylthio-D-ribose	CSCC(C(C(C=O)O)O)O
D-Gluconate	C(C(C(C(C(C(=O)[O-])O)O)O)O)O
3-Carboxy-4-methyl-2-oxopentanoate	CC(C)C(C(=O)C(=O)[O-])C(=O)[O-]
Trans-Cinnamate	C1=CC=C(C=C1)C=CC(=O)[O-]
Geranylgeranyl diphosphate C20H33O7P2	CC(=CCCC(=CCCC(=CCCC(=CCOP(=O)([O-])OP(=O)([O-])[O-])C)C)C)C
Crotonobetaine	C[N+](C)(C)CC=CC(=O)[O-]
1,2-Dihydroxy-5-(methylthio)pent-1-en-3-one	CSCCC(=O)C(=CO)O
D-Galactonate	C(C(C(C(C(C(=O)[O-])O)O)O)O)O
ATP C10H12N5O13P3	C1=NC(=C2C(=N1)N(C=N2)C3C(C(C(O3)COP(=O)([O-])OP(=O)([O-])OP(=O)([O-])[O-])O)O)N
Nonanoate C9H17O2	CCCCCCCCC(=O)[O-]
Isochorismate	C=C(C(=O)[O-])OC1C=CC=C(C1O)C(=O)[O-]
2,3,4,5-Tetrahydrodipicolinate	C1CC(N=C(C1)C(=O)[O-])C(=O)[O-]
Maleamate	C(=CC(=O)[O-])C(=O)N
Homogentisate C8H7O4	C1=CC(=C(C=C1O)CC(=O)[O-])O
3-Phosphohydroxypyruvate	C(C(=O)C(=O)[O-])OP(=O)([O-])[O-]
3-Dehydroshikimate	C1C(C(C(=O)C=C1C(=O)[O-])O)O
(R)-Glycerate	C(C(C(=O)[O-])O)O
(S)-2-Hydroxyglutarate	C(CC(=O)[O-])C(C(=O)[O-])O
N-Acetyl-L-2-amino-6-oxopimelate	CC(=O)NC(CCCC(=O)C(=O)[O-])C(=O)[O-]
3-4-Dihydroxyphenylacetate	C1=CC(=C(C=C1CC(=O)[O-])O)O
Indolepyruvate C11H8NO3	C1=CC=C2C(=C1)C(=CN2)CC(=O)C(=O)[O-]
Linoleic acid (all cis C18:2) n-6	CCCCCC=CCC=CCCCCCCCC(=O)[O-]
Chorismate	C=C(C(=O)[O-])OC1C=C(C=CC1O)C(=O)[O-]
Glycolate C2H3O3	C(C(=O)[O-])O
Fumarate	C(=CC(=O)[O-])C(=O)[O-]
Quinolinate	C1=CC(=C(N=C1)C(=O)[O-])C(=O)[O-]
L-Arabinose	C(C(C(C(C=O)O)O)O)O
(S)-Dihydroorotate	C1C(NC(=O)NC1=O)C(=O)[O-]
D-tartrate	C(C(C(=O)[O-])O)(C(=O)[O-])O
3-Dehydroquinate	C1C(C(C(=O)CC1(C(=O)[O-])O)O)O
N-Carbamoyl-L-aspartate	C(C(C(=O)[O-])NC(=O)N)C(=O)[O-]
2,3-Dihydrodipicolinate	C1C=CC(=NC1C(=O)[O-])C(=O)[O-]
Octadecenoate (n-C18:1)	CCCCCCCCC=CCCCCCCCC(=O)[O-]
2-Dehydro-3-deoxy-D-arabino-heptonate 7-phosphate	C(C(C(C(COP(=O)([O-])[O-])O)O)O)C(=O)C(=O)[O-]
D-Lactate	CC(C(=O)[O-])O
Isocitrate	C(C(C(C(=O)[O-])O)C(=O)[O-])C(=O)[O-]
L-Lactate	CC(C(=O)[O-])O
D-Tagaturonate	C(C(=O)C(C(C(C(=O)[O-])O)O)O)O
4-oxalocrotonate	C(C=CC(=O)[O-])C(=O)C(=O)[O-]
4 Maleylacetoacetate C8H6O6	C(C(=O)CC(=O)[O-])C(=O)C=CC(=O)[O-]
D-Mannonate	C(C(C(C(C(C(=O)[O-])O)O)O)O)O
Urocanate C6H5N2O2	C1=C(NC=N1)C=CC(=O)[O-]
D-Altronate	C(C(C(C(C(C(=O)[O-])O)O)O)O)O
Methylmalonate C4H4O4	CC(C(=O)[O-])C(=O)[O-]
N-Formyl-L-glutamate	C(CC(=O)[O-])C(C(=O)[O-])NC=O
4 Hydroxy 2 oxoglutarate C5H4O6	C(C(C(=O)[O-])O)C(=O)C(=O)[O-]
L-Idonate	C(C(C(C(C(C(=O)[O-])O)O)O)O)O
D-erythro-1-(Imidazol-4-yl)glycerol 3-phosphate	C1=C(NC=N1)C(C(COP(=O)([O-])[O-])O)O
L-Rhamnulose 1-phosphate	CC(C(C(C(=O)COP(=O)([O-])[O-])O)O)O
4 Fumarylacetoacetate C8H6O6	C(C(=O)CC(=O)[O-])C(=O)C=CC(=O)[O-]
O-Succinylbenzoate	C1=CC=C(C(=C1)C(=O)CCC(=O)[O-])C(=O)[O-]
D-Erythrose 4-phosphate	C(C(C(C=O)O)O)OP(=O)([O-])[O-]
S-Adenosyl-4-methylthio-2-oxobutanoate	C[S+](CCC(=O)C(=O)[O-])CC1C(C(C(O1)N2C=NC3=C(N=CN=C32)N)O)O
D Galactarate C6H8O8	C(C(C(C(=O)[O-])O)O)(C(C(=O)[O-])O)O
Anthranilate	C1=CC=C(C(=C1)C(=O)[O-])N
D-Xylulose 5-phosphate	C(C(C(C(=O)CO)O)O)OP(=O)([O-])[O-]
Cis-Aconitate	C(C(=CC(=O)[O-])C(=O)[O-])C(=O)[O-]
Homoisocitrate C7H7O7	C(CC(=O)[O-])C(C(C(=O)[O-])O)C(=O)[O-]
3-Oxoadipate	C(CC(=O)[O-])C(=O)CC(=O)[O-]
D-Malate	C(C(C(=O)[O-])O)C(=O)[O-]
L-Malate	C(C(C(=O)[O-])O)C(=O)[O-]
Menaquinone 8	CC1=C(C(=O)C2=CC=CC=C2C1=O)CC=C(C)CCC=C(C)CCC=C(C)CCC=C(C)CCC=C(C)CCC=C(C)CCC=C(C)CCC=C(C)C
2-Demethylmenaquinone 8	CC(=CCCC(=CCCC(=CCCC(=CCCC(=CCCC(=CCCC(=CCCC(=CCC1=CC(=O)C2=CC=CC=C2C1=O)C)C)C)C)C)C)C)C
Sulfur	[S]
Superoxide anion	[O-][O]
Xylotriose	C1C(C(C(C(O1)OC2COC(C(C2O)O)OC3COC(C(C3O)O)O)O)O)O
D-Xylulose	C(C(C(C(=O)CO)O)O)O
(R)-Pantoate	CC(C)(CO)C(C(=O)[O-])O
 R  Mevalonate C6H11O4	CC(CCO)(CC(=O)[O-])O
5-Dehydro-4-deoxy-D-glucarate	C(C(C(C(=O)[O-])O)O)C(=O)C(=O)[O-]
Maltohexaose	C(C1C(C(C(C(O1)OC2C(OC(C(C2O)O)OC3C(OC(C(C3O)O)OC4C(OC(C(C4O)O)OC5C(OC(C(C5O)O)OC6C(OC(C(C6O)O)O)CO)CO)CO)CO)CO)O)O)O)O
D-Glucarate	C(C(C(C(=O)[O-])O)O)(C(C(=O)[O-])O)O
Maleate	C(=CC(=O)[O-])C(=O)[O-]
L-Aspartate 4-semialdehyde	C(C=O)C(C(=O)[O-])[NH3+]
Menaquinone 7 C46H64O2	CC1=C(C(=O)C2=CC=CC=C2C1=O)CC=C(C)CCC=C(C)CCC=C(C)CCC=C(C)CCC=C(C)CCC=C(C)CCC=C(C)C
Allantoate	C(C(=O)[O-])(NC(=O)N)NC(=O)N
Menaquinone 6	CC1=C(C(=O)C2=CC=CC=C2C1=O)CC=C(C)CCC=C(C)CCC=C(C)CCC=C(C)CCC=C(C)CCC=C(C)C
Ubiquinone-8	CC1=C(C(=O)C(=C(C1=O)OC)OC)CC=C(C)CCC=C(C)CCC=C(C)CCC=C(C)CCC=C(C)CCC=C(C)CCC=C(C)CCC=C(C)C
2-Octaprenylphenol	CC(=CCCC(=CCCC(=CCCC(=CCCC(=CCCC(=CCCC(=CCCC(=CCC1=CC=CC=C1O)C)C)C)C)C)C)C)C
Coniferyl aldehyde	COC1=C(C=CC(=C1)C=CC=O)O
Agmatine	C(CC[NH+]=C(N)N)C[NH3+]
Glycine	C(C(=O)[O-])[NH3+]
2-Aminoethylphosphonate	C(CP(=O)(O)[O-])[NH3+]
Pimelate	C(CCC(=O)[O-])CCC(=O)[O-]
Selenide	[SeH-]
3-Methyl-2-oxobutanoate	CC(C)C(=O)C(=O)[O-]
Hydrogen sulfide	[SH-]
Benzylsuccinate	C1=CC=C(C=C1)CC(CC(=O)[O-])C(=O)[O-]
Beta-Alanine	C(C[NH3+])C(=O)[O-]
Phenylpropanoate	C1=CC=C(C=C1)CCC(=O)[O-]
4 Hydroxyphenylacetic acid C8H8O3	C1=CC(=CC=C1CC(=O)[O-])O
Tetrathionate	[O-]S(=O)(=O)SSS(=O)(=O)[O-]
Dihydroxyacetone phosphate	C(C(=O)COP(=O)([O-])[O-])O
Phenylpyruvate	C1=CC=C(C=C1)CC(=O)C(=O)[O-]
4-Methylthio-2-oxobutanoate	CSCCC(=O)C(=O)[O-]
4-hydroxy-5-methyl-3(2H)-furanone	CC1=C(C(=O)CO1)O
Glutarate	C(CC(=O)[O-])CC(=O)[O-]
Phenylacetic acid	C1=CC=C(C=C1)CC(=O)[O-]
Hexanoate (n-C6:0)	CCCCCC(=O)[O-]
Hydroxypyruvate	C(C(=O)C(=O)[O-])O
Acetyl phosphate	CC(=O)OP(=O)([O-])[O-]
Mercaptopyruvate	C(C(=O)C(=O)[O-])S
Diphosphate	OP(=O)([O-])OP(=O)([O-])[O-]
Taurine C2H7NO3S	C(CS(=O)(=O)[O-])[NH3+]
Tryptamine cytosol	C1=CC=C2C(=C1)C(=CN2)CC[NH3+]
Isethionate C2H5O4S	C(CS(=O)(=O)[O-])O
Trimethylamine	C[NH+](C)C
1,5-Diaminopentane	C(CC[NH3+])CC[NH3+]
Ethanesulfonate	CCS(=O)(=O)[O-]
Aminoacetone	CC(=O)C[NH3+]
Phosphate	OP(=O)([O-])[O-]
Phosphoenolpyruvate	C=C(C(=O)[O-])OP(=O)([O-])[O-]
Glyoxylate	C(=O)C(=O)[O-]
Glycerol 2-phosphate	C(C(CO)OP(=O)([O-])[O-])O
2-Oxobutanoate	CCC(=O)C(=O)[O-]
3-Methylbutanoic acid	CC(C)CC(=O)[O-]
4-Methyl-2-oxopentanoate	CC(C)CC(=O)C(=O)[O-]
Putrescine	C(CC[NH3+])C[NH3+]
Inorganic triphosphate	[O-]P(=O)([O-])OP(=O)([O-])OP(=O)([O-])[O-]
Choline phosphate C5H13NO4P	C[N+](C)(C)CCOP(=O)([O-])[O-]
Dehydroglycine	C(=N)C(=O)O
L-Fucose	CC(C(C(C(C=O)O)O)O)O
Octadecanoate (n-C18:0)	CCCCCCCCCCCCCCCCCC(=O)[O-]
Oxamate	C(=O)(C(=O)[O-])N
D-Carnitine	C[N+](C)(C)CC(CC(=O)[O-])O
UMP C9H11N2O9P	C1=CN(C(=O)NC1=O)C2C(C(C(O2)COP(=O)([O-])[O-])O)O
Glycylphenylalanine	C1=CC=C(C=C1)CC(C(=O)[O-])NC(=O)C[NH3+]
Lipoate	C1CSSC1CCCCC(=O)[O-]
Meso-2,6-Diaminoheptanedioate	C(CC(C(=O)[O-])[NH3+])CC(C(=O)[O-])[NH3+]
LL-2,6-Diaminoheptanedioate	C(CC(C(=O)[O-])[NH3+])CC(C(=O)[O-])[NH3+]
N-Acetyl-L-glutamate	CC(=O)NC(CCC(=O)[O-])C(=O)[O-]
Coniferol	COC1=C(C=CC(=C1)C=CCO)O
L-Methionine Sulfoxide	CS(=O)CCC(C(=O)[O-])[NH3+]
Phenylphosphate	C1=CC=C(C=C1)OP(=O)([O-])[O-]
Glycylglycine C4H8N2O3	C(C(=O)NCC(=O)[O-])[NH3+]
Orotate C5H3N2O4	C1=C(NC(=O)NC1=O)C(=O)[O-]
Sn-Glycero-3-phosphocholine	C[N+](C)(C)CCOP(=O)([O-])OCC(CO)O
L-Ribulose	C(C(C(C(=O)CO)O)O)O
(2,3-Dihydroxybenzoyl)adenylate	C1=CC(=C(C(=C1)O)O)C(=O)OP(=O)([O-])OCC2C(C(C(O2)N3C=NC4=C(N=CN=C43)N)O)O
Hexadecanoate (n-C16:0)	CCCCCCCCCCCCCCCC(=O)[O-]
Phenethylamine	C1=CC=C(C=C1)CC[NH3+]
(2R,4S)-2-methyl-2,3,3,4-tetrahydroxytetrahydrofuran	CC1(C(C(CO1)O)(O)O)O
Menaquinol 7 C46H66O2	CC1=C(C2=CC=CC=C2C(=C1CC=C(C)CCC=C(C)CCC=C(C)CCC=C(C)CCC=C(C)CCC=C(C)CCC=C(C)C)O)O
Maltotetraose	C(C1C(C(C(C(O1)OC2C(OC(C(C2O)O)OC3C(OC(C(C3O)O)OC4C(OC(C(C4O)O)O)CO)CO)CO)O)O)O)O
1-Aminopropan-2-ol	CC(C[NH3+])O
Dihydrolipoamide C8H17NOS2	C(CCC(=O)N)CC(CCS)S
Lactose C12H22O11	C(C1C(C(C(C(O1)OC2C(OC(C(C2O)O)O)CO)O)O)O)O
Arbutin C12H16O7	C1=CC(=CC=C1O)OC2C(C(C(C(O2)CO)O)O)O
N4 Acetylaminobutanal C6H11NO2	CC(=O)NCCCC=O
S-(2-Methylbutanoyl)-dihydrolipoamide	CCC(C)C(=O)SCCC(CCCCC(=O)N)S
4-Hydroxyphenylacetaldehyde	C1=CC(=CC=C1CC=O)O
N Ribosylnicotinamide C11H15N2O5	C1=CC(=C[N+](=C1)C2C(C(C(O2)CO)O)O)C(=O)N
(S)-Propane-1,2-diol	CC(CO)O
Beta-D-fructose	C(C1C(C(C(O1)(CO)O)O)O)O
Laminaribiose	C(C1C(C(C(C(O1)O)O)OC2C(C(C(C(O2)CO)O)O)O)O)O
Palatinose C12H22O11	C(C1C(C(C(C(O1)OCC2C(C(C(O2)(CO)O)O)O)O)O)O)O
Xylobiose	C1C(C(C(C(O1)OC2COC(C(C2O)O)O)O)O)O
L-Lyxose	C1C(C(C(C(O1)O)O)O)O
D-Allose	C(C1C(C(C(C(O1)O)O)O)O)O
Salicin C13H18O7	C1=CC=C(C(=C1)CO)OC2C(C(C(C(O2)CO)O)O)O
D-Galactose	C(C1C(C(C(C(O1)O)O)O)O)O
Beta D-Galactose	C(C1C(C(C(C(O1)O)O)O)O)O
D-Lactaldehyde	CC(C=O)O
Pantetheine	CC(C)(CO)C(C(=O)NCCC(=O)NCCS)O
 R  Acetoin C4H8O2	CC(C(=O)C)O
L Arabinitol C5H12O5	C(C(C(C(CO)O)O)O)O
Raffinose C18H32O16	C(C1C(C(C(C(O1)OCC2C(C(C(C(O2)OC3(C(C(C(O3)CO)O)O)CO)O)O)O)O)O)O)O
L-Lactaldehyde	CC(C=O)O
Thiosulfate	OS(=O)(=S)[O-]
L Sorbose C6H12O6	C1C(C(C(C(O1)(CO)O)O)O)O
Maltose C12H22O11	C(C1C(C(C(C(O1)OC2C(OC(C(C2O)O)O)CO)O)O)O)O
5'-Deoxyadenosine	CC1C(C(C(O1)N2C=NC3=C(N=CN=C32)N)O)O
5-Methylthioadenosine	CSCC1C(C(C(O1)N2C=NC3=C(N=CN=C32)N)O)O
N-Acetyl-D-glucosamine	CC(=O)NC1C(C(C(OC1O)CO)O)O
D-Fructose	C(C1C(C(C(O1)(CO)O)O)O)O
(R)-Propane-1,2-diol	CC(CO)O
5-Hydroxyisourate	C12=NC(=O)NC1(C(=O)NC(=O)N2)O
4-(1-D-Ribitylamino)-5-aminouracil	C(C(C(C(CO)O)O)O)NC1=C(C(=O)NC(=O)N1)N
Maltotriose C18H32O16	C(C1C(C(C(C(O1)OC2C(OC(C(C2O)O)OC3C(OC(C(C3O)O)O)CO)CO)O)O)O)O
Maltoheptaose	C(C1C(C(C(C(O1)OC2C(OC(C(C2O)O)OC3C(OC(C(C3O)O)OC4C(OC(C(C4O)O)OC5C(OC(C(C5O)O)OC6C(OC(C(C6O)O)OC(C(CO)O)C(C(C=O)O)O)CO)CO)CO)CO)CO)O)O)O)O
(R)-Pantothenate	CC(C)(CO)C(C(=O)NCCC(=O)[O-])O
Isobutyrate	CC(C)C(=O)[O-]
Oxaloacetate	C(C(=O)C(=O)[O-])C(=O)[O-]
2-Oxoglutarate	C(CC(=O)[O-])C(=O)C(=O)[O-]
Nicotinate D-ribonucleoside	C1=CC(=C[N+](=C1)C2C(C(C(O2)CO)O)O)C(=O)[O-]
Succinate	C(CC(=O)[O-])C(=O)[O-]
P-toluate	CC1=CC=C(C=C1)C(=O)[O-]
D-Ribulose	C(C(C(C(=O)CO)O)O)O
Nitric oxide	[N]=O
D-Xylose	C1C(C(C(C(O1)O)O)O)O
L-tartrate	C(C(C(=O)[O-])O)(C(=O)[O-])O
Octanoate (n-C8:0)	CCCCCCCC(=O)[O-]
3,4-Dihydroxyphenylacetaldehyde	C1=CC(=C(C=C1CC=O)O)O
Pentanoate	CCCCC(=O)[O-]
Pyruvate	CC(=O)C(=O)[O-]
Cu+	[Cu+]
Silver	[Ag+]
Co2+	[Co+2]
2,5-Dihydroxypyridine	C1=CC(=O)NC=C1O
4-Hydroxyphenylacetate	CC(=O)OC1=CC=C(C=C1)O
Leucylleucine	CC(C)CC(C(=O)NC(CC(C)C)C(=O)O)N
D-Arabitol	C(C(C(C(CO)O)O)O)O
5,6-Dihydrothymine	CC1CNC(=O)NC1=O
D-Tagatose	C(C(C(C(C(=O)CO)O)O)O)O
Methanesulfonate	CS(=O)(=O)[O-]
Alpha D-glucose	C(C1C(C(C(C(O1)O)O)O)O)O
D-Glyceraldehyde	C(C(C=O)O)O
3-Hydroxypropanal	C(CO)C=O
Oxalate	C(=O)(C(=O)[O-])[O-]
5-Methylcytosine	CC1=C(NC(=O)N=C1)N
Xanthosine	C1=NC2=C(N1C3C(C(C(O3)CO)O)O)NC(=O)NC2=O
Alpha Methyl D glucoside C7H14O6	COC1C(C(C(C(O1)CO)O)O)O
Adenosine	C1=NC(=C2C(=N1)N(C=N2)C3C(C(C(O3)CO)O)O)N
N-Acetyl-D-galactosamine	CC(=O)NC1C(C(C(OC1O)CO)O)O
Zinc	[Zn+2]
Citrate	C(C(=O)[O-])C(CC(=O)[O-])(C(=O)[O-])O
Cadmium	[Cd+2]
Iron (Fe3+)	[Fe+3]
Manganese	[Mn+2]
Fe2+ mitochondria	[Fe+2]
Copper	[Cu+2]
Mercury  charged 2  Hg	[Hg+2]
Selenate	[O-][Se](=O)(=O)[O-]
Molybdate	[O-][Mo](=O)(=O)[O-]
Chromate	[O-][Cr](=O)(=O)[O-]
L-Xylulose	C(C(C(C(=O)CO)O)O)O
L-Rhamnose	CC(C(C(C(C=O)O)O)O)O
D-Mannose	C(C1C(C(C(C(O1)O)O)O)O)O
Deoxyadenosine	C1C(C(OC1N2C=NC3=C(N=CN=C32)N)CO)O
Deoxyuridine	C1C(C(OC1N2C=CC(=O)NC2=O)CO)O
Deoxycytidine	C1C(C(OC1N2C=CC(=NC2=O)N)CO)O
3-Methylbenzaldehyde	CC1=CC(=CC=C1)C=O
Galactitol	C(C(C(C(C(CO)O)O)O)O)O
4-methylbenzyl alcohol	CC1=CC=C(C=C1)CO
3-methylbenzyl alcohol	CC1=CC(=CC=C1)CO
Melibiose C12H22O11	C(C1C(C(C(C(O1)OCC2C(C(C(C(O2)O)O)O)O)O)O)O)O
L-Carnitine	C[N+](C)(C)CC(CC(=O)[O-])O
Cellobiose	C(C1C(C(C(C(O1)OC2C(OC(C(C2O)O)O)CO)O)O)O)O
1,3-Propanediol	C(CO)CO
4-Methylcatechol	CC1=CC(=C(C=C1)O)O
Thiocyanate	C(#N)[S-]
3,4-dihydroxybenzaldehyde	C1=CC(=C(C=C1C=O)O)O
Acetol cytosol	CC(=O)CO
Pentanal	CCCCC=O
M-Xylene	CC1=CC(=CC=C1)C
P-methyltoluene	CC1=CC=C(C=C1)C
P-methylbenzaldehyde	CC1=CC=C(C=C1)C=O
2 Phenylacetamide C8H9NO	C1=CC=C(C=C1)CC(=O)N
Trehalose	C(C1C(C(C(C(O1)OC2C(C(C(C(O2)CO)O)O)O)O)O)O)O
2 methylbutyraldehyde C5H10O	CCC(C)C=O
D Arabinose C5H10O5	C1C(C(C(C(O1)O)O)O)O
D-Mannitol	C(C(C(C(C(CO)O)O)O)O)O
Hexanal C6H12O	CCCCCC=O
Cytidine	C1=CN(C(=O)N=C1N)C2C(C(C(O2)CO)O)O
Uridine	C1=CN(C(=O)NC1=O)C2C(C(C(O2)CO)O)O
Chsterol c	CC(C)CCCC(C)C1CCC2C1(CCC3C2CC=C4C3(CCC(C4)O)C)C
Sucrose C12H22O11	C(C1C(C(C(C(O1)OC2(C(C(C(O2)CO)O)O)CO)O)O)O)O
Chloramphenicol	C1=CC(=CC=C1C(C(CO)NC(=O)C(Cl)Cl)O)[N+](=O)[O-]
D-Glucose	C(C1C(C(C(C(O1)O)O)O)O)O
Thymidine C10H14N2O5	CC1=CN(C(=O)NC1=O)C2CC(C(O2)CO)O
D-Sorbitol	C(C(C(C(C(CO)O)O)O)O)O
D-Ribose	C(C1C(C(C(O1)O)O)O)O
2-(Hydroxymethyl)phenol	C1=CC=C(C(=C1)CO)O
4-Aminobenzoate	C1=CC(=CC=C1C(=O)[O-])N
P-Cresol	CC1=CC=C(C=C1)O
Delta1-Piperideine-2-carboxylate	C1CCN=C(C1)C(=O)O
Xanthine	C1=NC2=C(N1)C(=O)NC(=O)N2
Vanillin	COC1=C(C=CC(=C1)C=O)O
Urea CH4N2O	C(=O)(N)N
Urate C5H4N4O3	C12=C(NC(=O)N1)NC(=O)NC2=O
Uracil	C1=CNC(=O)NC1=O
Trimethylamine N-oxide	C[N+](C)(C)[O-]
Toluene	CC1=CC=CC=C1
4-Methyl-5-(2-hydroxyethyl)-thiazole	CC1=C(SC=N1)CCO
Thymine C5H6N2O2	CC1=CNC(=O)NC1=O
Sulfate	[O-]S(=O)(=O)[O-]
Sulfite	[O-]S(=O)[O-]
Selenite	[O-][Se](=O)[O-]
S-Acetyldihydrolipoamide	CC(=O)SC(CCCCC(=O)N)CCS
Dimethyl sulfide	CSC
Pyridoxine	CC1=NC=C(C(=C1O)CO)CO
Pyridoxal	CC1=NC=C(C(=C1O)C=O)CO
H+	[H+]
1-Propanol	CCCO
Phenylacetaldehyde	C1=CC=C(C=C1)CC=O
O2 O2	O=O
Nitrous oxide	[N-]=[N+]=O
Nitrogen	N#N
Nitrite	N(=O)[O-]
Nitrate	[N+](=O)([O-])[O-]
Nicotinate	C1=CC(=CN=C1)C(=O)[O-]
Nicotinamide	C1=CC(=CN=C1)C(=O)N
Nickel	[Ni+2]
Sodium	[Na+]
Magnesium	[Mg+2]
Methanol	CO
Methylglyoxal	CC(=O)C=O
Methanethiol CH4S	CS
Potassium	[K+]
Indole 3 acetate C10H8NO2	C1=CC=C2C(=C1)C(=CN2)CC(=O)[O-]
Indole 3 acetaldehyde C10H9NO	C1=CC=C2C(=C1)C(=CN2)CC=O
Indole	C1=CC=C2C(=C1)C=CN2
Hydroxylamine	NO
Hydroquinone	C1=CC(=CC=C1O)O
Hydrogen	[HH]
4-Amino-5-hydroxymethyl-2-methylpyrimidine	CC1=NC=C(C(=N1)N)CO
Hydrogen cyanide	C#N
Glycolaldehyde	C(C=O)O
Glycerol	C(C(CO)O)O
Gamma-butyrobetaine	C[N+](C)(C)CCCC(=O)[O-]
Formamide	C(=O)N
Formaldehyde	C=O
Ethanol	CCO
Dimethyl sulfoxide	CS(=O)C
5,6-Dimethylbenzimidazole	CC1=CC2=C(C=C1C)N=CN2
Dihydroxyacetone	C(C(=O)CO)O
Diacetyl C4H6O2	CC(=O)C(=O)C
5,6-dihydrouracil	C1CNC(=O)NC1=O
Cytosine	C1=C(NC(=O)N=C1)N
Propanal	CCC=O
Trithionate	[O-]S(=O)(=O)SS(=O)(=O)[O-]
Choline sulfate	C[N+](C)(C)CCOS(=O)(=O)[O-]
Phosphonate	[O-]P(=O)[O-]
3-Methylcatechol	CC1=C(C(=CC=C1)O)O
Chloride	[Cl-]
Choline C5H14NO	C[N+](C)(C)CCO
Catechol	C1=CC=C(C(=C1)O)O
Formate	C(=O)[O-]
Carbon monoxide	[C-]#[O+]
CO2 CO2	C(=O)=O
Carbamate	C(=O)(N)[O-]
Calcium	[Ca+2]
Butanol	CCCCO
Butanal C4H8O	CCCC=O
Betaine aldehyde	C[N+](C)(C)CC=O
Glycine betaine	C[N+](C)(C)CC(=O)[O-]
Benzyl alcohol	C1=CC=C(C=C1)CO
Benzoate	C1=CC=C(C=C1)C(=O)[O-]
Benzaldehyde	C1=CC=C(C=C1)C=O
Arsenate	O[As](=O)([O-])[O-]
Allantoin	C1(C(=O)NC(=O)N1)NC(=O)N
Adenine	C1=NC2=NC=NC(=C2N1)N
Acetone	CC(=O)C
Acetamide	CC(=O)N
Acetaldehyde	CC=O
Acetate	CC(=O)[O-]
4-Hydroxybenzaldehyde	C1=CC(=CC=C1C=O)O
4-Hydroxy-benzyl alcohol	C1=CC(=CC=C1CO)O
